test_id,poet,urdu,roman,nuance_note,label,gloss,literal,poetic,notes,lost,meaning (1-5),imagery (1-5),double meanings (1-5),reads as poetry (1-5),comment
b01,mirza-ghalib,"ہزاروں خواہشیں ایسی کہ ہر خواہش پہ دم نکلے
بہت نکلے مرے ارمان لیکن پھر بھی کم نکلے","hazāroñ ḳhvāhisheñ aisī ki har ḳhvāhish pe dam nikle
bahut nikle mire armān lekin phir bhī kam nikle","'nikle' works three ways: 'dam nikalna' (breath leaving, i.e. dying for each desire), 'armān nikalna' (desires fulfilled) and 'kam nikalna' (turned out too few). The irony that even many fulfilled desires fall short must survive.",A,"hazāroñ: thousands; ḳhvāhisheñ: desires; dam nikle: breath leaves (to die, or to gasp in agony/ecstasy); armān: longings/yearnings; nikle: emerged/were fulfilled (specifically when paired with armān); kam: few/insufficient","Thousands of desires such that for every desire, life departs,
Many of my longings were fulfilled, but still, they were few.","Thousands of desires, each enough to steal the breath away,
Many longings were sated, yet far too few to stay.","- The core of the couplet is a brilliant pun on the verb 'nikalna' (to exit/emerge).
- In the first line, 'dam nikle' is an idiom meaning to die or to be breathless with intensity/pain.
- In the second line, 'armān nikle' is an idiom meaning that a longing was fulfilled (literally, the desire 'came out' into reality).
- Ghalib creates a paradox: the desires are so powerful they are lethal, yet the fulfillment of those desires is insufficient to satisfy the soul.","The sonic symmetry of the word 'nikle' repeating at the end of both lines (the radif) is lost. In Urdu, the repetition emphasizes the irony that the same 'exit' (nikalna) represents both the end of life and the fulfillment of a wish.",,,,,
b01,mirza-ghalib,"ہزاروں خواہشیں ایسی کہ ہر خواہش پہ دم نکلے
بہت نکلے مرے ارمان لیکن پھر بھی کم نکلے","hazāroñ ḳhvāhisheñ aisī ki har ḳhvāhish pe dam nikle
bahut nikle mire armān lekin phir bhī kam nikle","'nikle' works three ways: 'dam nikalna' (breath leaving, i.e. dying for each desire), 'armān nikalna' (desires fulfilled) and 'kam nikalna' (turned out too few). The irony that even many fulfilled desires fall short must survive.",B,hazāroñ ḳhvāhisheñ: thousands of desires; aisī: such; har ḳhvāhish: each/every desire; pe: on/at; dam nikle: breath would depart (idiom: one would die); bahut: many; nikle: came out/emerged/were fulfilled; mire armān: my longings/desires; lekin: but; phir bhī: even then/still; kam nikle: came out few/too few.,"Thousands of desires are such that at each desire the breath would depart.
Many of my longings came out, but still they came out few.","Thousands of desires, each one worth the dying breath—
Many of my longings came to pass, yet still they were too few.","- dam nikalnā is an idiom for dying; literally it means 'breath coming out'. The literal keeps the breath image, while the poetic 'worth the dying breath' captures the idiomatic force.
- The verb nikalnā is used twice: first with dam (breath departs/die) and then with armān (longings emerge/are fulfilled). English cannot use one verb for both senses; the literal uses 'came out' for both, while the poetic shifts to 'came to pass' for the second.
- armān means heart's longings or desires, often with a sense of unfulfilled yearning. The second line's paradox—many came out, yet still few—suggests infinite desire: even many fulfilled longings feel insufficient.
- The first line is hyperbolic: thousands of desires, each intense enough that one could die at/for it. It sets up the second line's many/few paradox.
- This couplet does not contain Ghalib's takhallus, so no pen-name handling is needed.","The double duty of nikalnā (breath departing vs desire emerging/being fulfilled), the idiomatic force of dam nikalnā as death, the paradox of bahut/kam with the same verb, and the ghazal's rhyme and rhythm cannot be fully carried into English.",,,,,
b01,mirza-ghalib,"ہزاروں خواہشیں ایسی کہ ہر خواہش پہ دم نکلے
بہت نکلے مرے ارمان لیکن پھر بھی کم نکلے","hazāroñ ḳhvāhisheñ aisī ki har ḳhvāhish pe dam nikle
bahut nikle mire armān lekin phir bhī kam nikle","'nikle' works three ways: 'dam nikalna' (breath leaving, i.e. dying for each desire), 'armān nikalna' (desires fulfilled) and 'kam nikalna' (turned out too few). The irony that even many fulfilled desires fall short must survive.",C,hazāroñ: thousands; ḳhvāhisheñ: desires; aisī: such; har: every; ḳhvāhish: desire; pe: on; dam: breath; nikle: came out; bahut: many; mire: my; armān: hopes; lekin: but; phir: yet; bhī: still; kam: little,"Thousands of desires such that every desire came out on breath. Many of my hopes came out, but yet little came out.","Desires by the thousands, each one a breath away. Many hopes arose, yet still they fell short.","- The wordplay is on 'dam' (breath) and 'nikle' (came out), implying that the desires and hopes were so strong they left a mark on the poet's breath. The phrase 'hazāroñ ḳhvāhisheñ' is a stock symbol in Urdu poetry, representing the poet's longing and yearning.","The nuance of the poet's breath being exhausted by the sheer intensity of his desires, and the sense of disappointment and frustration that still lingers despite the many hopes that arose.",,,,,
b01,mirza-ghalib,"ہزاروں خواہشیں ایسی کہ ہر خواہش پہ دم نکلے
بہت نکلے مرے ارمان لیکن پھر بھی کم نکلے","hazāroñ ḳhvāhisheñ aisī ki har ḳhvāhish pe dam nikle
bahut nikle mire armān lekin phir bhī kam nikle","'nikle' works three ways: 'dam nikalna' (breath leaving, i.e. dying for each desire), 'armān nikalna' (desires fulfilled) and 'kam nikalna' (turned out too few). The irony that even many fulfilled desires fall short must survive.",D,hazāroñ: thousands of; ḳhvāhisheñ: desires/longings; aisī: such; ki: that; har: every; ḳhvāhish: desire; pe: on/upon; dam: breath/life; nikle: comes out/expires/is released; bahut: many; mire: my; armān: aspirations/longings; lekin: but; phir bhī: still/even then; kam: few/little.,"Thousands of desires such that on every desire the breath comes out
Many of my aspirations came out, but even then, few came out.","A thousand desires, each a breath-stealing pang,
Many were fulfilled, yet they remained but a few.","- The phrase 'dam nikle' is a common idiom meaning to die or to be completely exhausted/suffocated. Here, Ghalib uses it to describe the intensity of desire—each longing is so profound it feels like a death-throe.
- The word 'nikle' is the pivot of the couplet's wordplay. In the first line, it is part of the idiom for dying. In the second line, 'bahut nikle' refers to the fulfillment or realization of aspirations (the 'coming out' of a dream into reality).
- The paradox of 'bahut nikle' (many were fulfilled) followed immediately by 'kam nikle' (yet they were few) captures the Sufi/existential theme of the infinite nature of human desire: no matter how much one achieves, the void of longing remains infinite.
- The word 'armān' carries a heavier, more melancholic weight than 'khwahish'; it implies a deep-seated, often unattainable aspiration.","The linguistic symmetry of 'nikle' is lost. In Urdu, the same verb functions as both a physical expiration (death) and a metaphysical realization (fulfillment). English requires different verbs for these two concepts, breaking the seamless transition Ghalib achieved.",,,,,
b01,mirza-ghalib,"ہزاروں خواہشیں ایسی کہ ہر خواہش پہ دم نکلے
بہت نکلے مرے ارمان لیکن پھر بھی کم نکلے","hazāroñ ḳhvāhisheñ aisī ki har ḳhvāhish pe dam nikle
bahut nikle mire armān lekin phir bhī kam nikle","'nikle' works three ways: 'dam nikalna' (breath leaving, i.e. dying for each desire), 'armān nikalna' (desires fulfilled) and 'kam nikalna' (turned out too few). The irony that even many fulfilled desires fall short must survive.",E,"hazāroñ - thousands, ḳhvāhisheñ - desires, aisī - such, ki - that, har - every, ḳhvāhish pe - desire on, dam nikle - life was spent, bahut - many, nikle - came out, mire - my, armān - wishes/desires, lekin - but, phir - again, bhī - also, kam - few, nikle - came out","Thousands of desires such that every desire took a life. Many came out from my wishes/desires, but again only a few came out.","A thousand hopes I had, each one a soul to spare; many were born, but few could ever find their way to air.

(Transliterated: HazaroN khwaahishEsi kih har khwaahish pe dam nikle,
Bhut nikle mire armaan lekin phir bhi kam nikle.)","- The Urdu word 'armān' can mean both 'wishes/desires' and 'dreams', so I chose the former to maintain the balance of meanings. The phrase 'har khwaahish pe dam nikle' means that every desire took a life, as in it was pursued with all one's strength and energy. The poet is saying that his desires were numerous but only few came out successfully.",,,,,,
b01,mirza-ghalib,"ہزاروں خواہشیں ایسی کہ ہر خواہش پہ دم نکلے
بہت نکلے مرے ارمان لیکن پھر بھی کم نکلے","hazāroñ ḳhvāhisheñ aisī ki har ḳhvāhish pe dam nikle
bahut nikle mire armān lekin phir bhī kam nikle","'nikle' works three ways: 'dam nikalna' (breath leaving, i.e. dying for each desire), 'armān nikalna' (desires fulfilled) and 'kam nikalna' (turned out too few). The irony that even many fulfilled desires fall short must survive.",F,hazāroñ: thousands; ḳhvāhisheñ: desires; aisī: such; har: every; dam nikle: breath departs/to die; bahut: many; armān: longings/aspirations; lekin phir bhī: but even then; kam: few/less,"Thousands of desires, such that on every desire the breath departs
Many of my longings were fulfilled, but even then they were few","A thousand desires, each so intense they steal my breath,
Many longings were realized, yet they still feel far too few.","- The idiom 'dam nikle' (breath departs) is a double entendre: it refers to the physical sensation of being breathless from passion and the literal metaphor for dying from the agony of unfulfilled longing.
- Ghalib employs a subtle shift in vocabulary from 'ḳhvāhish' (desire) in the first line to 'armān' (longing/aspiration) in the second to avoid repetition while deepening the emotional texture.
- The verb 'nikle' (to emerge/to depart/to be fulfilled) acts as a pivot: in the first line, it describes the departure of life (death), whereas in the second, it describes the 'coming out' or fulfillment of wishes.
- The couplet explores the existential paradox of human desire: the more one fulfills, the more one realizes the infinite nature of what remains unfulfilled.","The specific melancholic resonance of 'armān', which implies a yearning that is inherently tied to its own incompleteness, and the rhythmic 'breathlessness' of the Urdu meter that mimics the literal meaning of 'dam nikle'.",,,,,
b01,mirza-ghalib,"ہزاروں خواہشیں ایسی کہ ہر خواہش پہ دم نکلے
بہت نکلے مرے ارمان لیکن پھر بھی کم نکلے","hazāroñ ḳhvāhisheñ aisī ki har ḳhvāhish pe dam nikle
bahut nikle mire armān lekin phir bhī kam nikle","'nikle' works three ways: 'dam nikalna' (breath leaving, i.e. dying for each desire), 'armān nikalna' (desires fulfilled) and 'kam nikalna' (turned out too few). The irony that even many fulfilled desires fall short must survive.",G,"hazāroñ = thousands; khvāhisheñ = desires, wishes; aisī = such; ki = that; har = every; khvāhish = desire; pe = on; dam = breath, life, moment, sigh; nikle = comes out, is drawn, expires; bahut = many; nikle = have come out; mire = my; armān = sighs, longings, sorrows; lekin = but; phir bhī = even then, still; kam = few, little, insufficient; nikle = have come out.","Thousands of desires such that on each desire a breath comes out;
Many of my sighs have come out, but even so they are few.","Thousands of wishes, each one a breath that must be drawn;
Many sighs have gone out of me, yet still they are too few.","- “dam” carries several meanings at once: breath, life, a moment, and a sigh; “dam nikalna” is an idiom for breathing out, sighing, or expiring. I kept “breath” in the first line to preserve the physical and spiritual double sense.
- “nikle” is repeated with a shift of tense/mood: in the first line it suggests a breath that must come out with each desire; in the second it means sighs that have already come out, and finally “kam nikle” means too few have come out. English cannot fully keep the same verb form doing all this work.
- “khvāhish” (desire/wish) and “armān” (sigh/longing/sorrow) are related but not identical: the first is the want, the second is the emotional exhalation it produces. I used “wishes” and “sighs” to keep the movement from desire to sigh.
- The couplet rests on a paradox: “bahut nikle” (many have come out) and “kam nikle” (few have come out) are both true because the desires are countless, so even many sighs are insufficient. I rendered “kam nikle” as “too few” to make the insufficiency clear.
- The Sufi double meaning is possible: the desires may be worldly or divine, and the sighs may be both human grief and spiritual longing; the breath can also suggest life itself being spent in longing.","The exact Urdu meter, the repeated ending “nikle” as a sonic and verbal pivot, and the compact Persian-Urdu diction are not fully transferable. English also cannot make “breath,” “sigh,” “life,” and “moment” all coincide in one word the way “dam” can, nor keep the subtle shift between subjunctive and past in “nikle” without extra words.",,,,,
b01,mirza-ghalib,"ہزاروں خواہشیں ایسی کہ ہر خواہش پہ دم نکلے
بہت نکلے مرے ارمان لیکن پھر بھی کم نکلے","hazāroñ ḳhvāhisheñ aisī ki har ḳhvāhish pe dam nikle
bahut nikle mire armān lekin phir bhī kam nikle","'nikle' works three ways: 'dam nikalna' (breath leaving, i.e. dying for each desire), 'armān nikalna' (desires fulfilled) and 'kam nikalna' (turned out too few). The irony that even many fulfilled desires fall short must survive.",H,Thousands of desires that each cost a life; many dreams did I have but still not enough,"Thousands of desires, each worth dying for / Many dreams did I have, yet never enough","Thousands of desires, each worth dying for / Many dreams did I have, yet never enough",- The first line is a stock ghazal theme about the impossibility of fulfilling all desires. The second line reflects on the speaker's unending desire and his inability to achieve it despite having many dreams.,,,,,,
b02,mirza-ghalib,"نہ تھا کچھ تو خدا تھا کچھ نہ ہوتا تو خدا ہوتا
ڈبویا مجھ کو ہونے نے نہ ہوتا میں تو کیا ہوتا","na thā kuchh to ḳhudā thā kuchh na hotā to ḳhudā hotā
Duboyā mujh ko hone ne na hotā maiñ to kyā hotā","Built on 'honā' (to be). Before anything was, God was; had nothing been, God would be; my being drowned me. Had I not been, what would I have been? Implies merging into God (waḥdat al-wujūd). Keep the repetition of 'being'.",A,na thā kuchh: nothing was / there was nothing; to: then; ḳhudā thā: God was; kuchh na hotā: if nothing were; to ḳhudā hotā: then God would be; Duboyā: drowned/ruined; mujh ko: me; hone ne: by being/existence (honā = to be/exist); na hotā maiñ: if I were not; to kyā hotā: then what would be/have been?,"When nothing was, God was; if nothing were, God would be.
Being drowned me; if I were not, then what would be?","When nothing was, God was; if nothing were, God would be.
Being has drowned me; had I not been, what would there be?","- The first line uses a conditional/correlative structure to assert God's necessary existence independent of all contingent things.
- The repeated forms of honā (thā, hotā, hotā, hone, hotā, hotā) create a dense philosophical wordplay on being, existence, and non-existence.
- Duboyā literally means 'drowned'; I keep the water image in the poetic version because it is vivid, though idiomatically it means 'ruined/undid me.'
- Hone ne personifies being/existence as the agent that drowns the speaker—existence itself is the calamity.
- The final kyā hotā is deliberately ambiguous: it can mean 'what would exist?', 'what would happen?', or 'what would it matter?' I chose 'what would there be?' to keep the existential question open.
- The sher has no pen-name (takhallus) in this couplet, so none is rendered.","English cannot carry the compact repetition and polyptoton of honā (thā/hotā/hone) that makes the paradox of being and non-being feel like a single unfolding argument. The final ambiguity of kyā hotā—between 'what would exist,' 'what would happen,' and 'what would it matter'—also cannot be preserved in one English phrase.",,,,,
b02,mirza-ghalib,"نہ تھا کچھ تو خدا تھا کچھ نہ ہوتا تو خدا ہوتا
ڈبویا مجھ کو ہونے نے نہ ہوتا میں تو کیا ہوتا","na thā kuchh to ḳhudā thā kuchh na hotā to ḳhudā hotā
Duboyā mujh ko hone ne na hotā maiñ to kyā hotā","Built on 'honā' (to be). Before anything was, God was; had nothing been, God would be; my being drowned me. Had I not been, what would I have been? Implies merging into God (waḥdat al-wujūd). Keep the repetition of 'being'.",B,"Neither was there anything nor was God; only God existed. If I had not been, what would I have been? (If I had never been born.)","There was nothing but God; if I hadn't been, what would I be?","I'd rather be than never be at all; there's no other choice for me to make. 

 If I were not, what then? What could I claim as my own fate? 

 The only thing that I can say is God alone exists and nothing else remains.",- The poet plays on the ambiguity of 'kuchh' (something) and 'na hota' (not existing).,,,,,,
b02,mirza-ghalib,"نہ تھا کچھ تو خدا تھا کچھ نہ ہوتا تو خدا ہوتا
ڈبویا مجھ کو ہونے نے نہ ہوتا میں تو کیا ہوتا","na thā kuchh to ḳhudā thā kuchh na hotā to ḳhudā hotā
Duboyā mujh ko hone ne na hotā maiñ to kyā hotā","Built on 'honā' (to be). Before anything was, God was; had nothing been, God would be; my being drowned me. Had I not been, what would I have been? Implies merging into God (waḥdat al-wujūd). Keep the repetition of 'being'.",C,na thā kuchh: nothing was; khudā: God; hotā: would be/become; duboyā: drowned/ruined; hone ne: the act of existing/being; kyā hotā: what would [I] have been?,"When nothing was, God was; had nothing been, God would be.
My existence has drowned me; had I not been, what would I have been?","When nothing existed, God was; had nothing been, God would remain.
My very being has undone me; had I not been, what might I have been?","- The couplet explores 'Wahdat-al-Wujūd' (Unity of Existence), the Sufi concept that only one True Reality exists.
- The word 'duboyā' (drowned) is a double entendre: it refers to both worldly ruin and the spiritual tragedy of the soul being 'submerged' in the illusion of a separate identity (the ego).
- The phrase 'hone ne' (the act of being) treats existence as an event or a catalyst for downfall, rather than a gift.
- The final question 'kyā hotā' is a rhetorical paradox. While it asks 'what would I be?', the implied answer is 'I would have been God' or 'I would have remained in the Divine essence,' since the first line establishes that in the absence of 'something,' only God exists.","The rhythmic and sonic symmetry between 'thā' (was) and 'hotā' (would be) creates a temporal loop in Urdu that emphasizes the eternal nature of God versus the fleeting nature of the self, a cadence that English cannot perfectly mirror.",,,,,
b02,mirza-ghalib,"نہ تھا کچھ تو خدا تھا کچھ نہ ہوتا تو خدا ہوتا
ڈبویا مجھ کو ہونے نے نہ ہوتا میں تو کیا ہوتا","na thā kuchh to ḳhudā thā kuchh na hotā to ḳhudā hotā
Duboyā mujh ko hone ne na hotā maiñ to kyā hotā","Built on 'honā' (to be). Before anything was, God was; had nothing been, God would be; my being drowned me. Had I not been, what would I have been? Implies merging into God (waḥdat al-wujūd). Keep the repetition of 'being'.",D,na thā kuchh: not anything else; kuchh: something; ḳhudā: God; ڈبویا: I would have been; hone ne: to have been; maiñ: I; kyā: what,"It was not anything else, it was God. If it had not been to be, I would have been something.","If it were not God, then what could it be? And if it were not to be, I would have been something else.","- The phrase 'na thā kuchh' is a play on the concept of 'wahdat al-wujūd', the unity of existence, where God is the only reality. The word 'kuchh' means 'something' but also implies 'not God'. The speaker is pondering the nature of existence and the role of God in it. The second line is a Sufi expression of humility and surrender, where the speaker acknowledges that if God were not, they would not exist at all.",The nuances of the Sufi concept of 'wahdat al-wujūd' and the speaker's existential crisis may be difficult to convey in English.,,,,,
b02,mirza-ghalib,"نہ تھا کچھ تو خدا تھا کچھ نہ ہوتا تو خدا ہوتا
ڈبویا مجھ کو ہونے نے نہ ہوتا میں تو کیا ہوتا","na thā kuchh to ḳhudā thā kuchh na hotā to ḳhudā hotā
Duboyā mujh ko hone ne na hotā maiñ to kyā hotā","Built on 'honā' (to be). Before anything was, God was; had nothing been, God would be; my being drowned me. Had I not been, what would I have been? Implies merging into God (waḥdat al-wujūd). Keep the repetition of 'being'.",E,"na thā (was not), kuchh (something/anything), ḳhudā (God), na hotā (would not be/had not been), Duboyā (drowned/ruined), mujh ko (me), hone ne (the act of being/existence), maiñ (I)","When nothing was, God was; had nothing been, God would have been.
My existence has drowned me; had I not been, what would I have been?","When nothing existed, God was; had nothing been, God would still be.
My very being has undone me; had I not been, what would I have been?","- The repetition of 'hota' (was/would be) creates a rhythmic, circular logic that mirrors the eternal nature of the Divine versus the transient nature of creation.
- The word 'Duboyā' (drowned) is a classic Sufi metaphor: the 'ego' or the 'self' (the state of 'being') is what drowns the soul in the illusion of separation from the Divine Unity (Wahdat al-Wujud).
- The poem presents a profound ontological paradox: the poet's existence is both his reality and his ruin, as 'being' is the very thing that creates the barrier between the lover and the Beloved.
- The final question 'what would I have been?' is a rhetorical play on the impossibility of the self existing outside the context of its own struggle with existence.","The hypnotic, cyclical cadence of the 'hota/na hota' repetition, which in Urdu creates a sense of inevitable, revolving truth that is difficult to replicate in the linear structure of English. The subtle distinction between 'being' as a state and 'existence' as a concept is also compressed in the English translation.",,,,,
b02,mirza-ghalib,"نہ تھا کچھ تو خدا تھا کچھ نہ ہوتا تو خدا ہوتا
ڈبویا مجھ کو ہونے نے نہ ہوتا میں تو کیا ہوتا","na thā kuchh to ḳhudā thā kuchh na hotā to ḳhudā hotā
Duboyā mujh ko hone ne na hotā maiñ to kyā hotā","Built on 'honā' (to be). Before anything was, God was; had nothing been, God would be; my being drowned me. Had I not been, what would I have been? Implies merging into God (waḥdat al-wujūd). Keep the repetition of 'being'.",F,na thā: was not; kuchh: something/anything; ḳhudā: God; na hotā: would not have been/if it were not; Duboyā: drowned/submerged; mujh ko: me; hone ne: by being/by existence/by becoming; maiñ to: as for me; kyā hotā: what would [I] have been,"If nothing was, then God was; if nothing had been, then God would have been.
Existence drowned me; if I hadn't been, what would I have been?","Where nothing was, there was God; had nothing been, God would have reigned.
Existence has drowned me; had I not 'been,' what would I have been?","- The word 'hone' (being/becoming) is the philosophical pivot. In Sufi metaphysics, 'existence' is often viewed as a veil or a burden that separates the soul from the Divine void.
- The first line plays on the paradox of 'nothingness' (Sunni). It suggests that the absence of the material world is the presence of the Divine.
- The verb 'Duboyā' (drowned) is a classic trope for being overwhelmed by the weight of the self or the material world.
- The repetition of 'na hotā' creates a recursive logic: if I didn't exist, I wouldn't be 'me,' but the very fact of my existence is what 'drowned' my spiritual clarity.
- Ghalib uses a sophisticated logical structure where the 'nothing' of the first line is the 'non-being' that the poet laments in the second line.","The specific Urdu/Persian nuance of 'hone' which captures both 'existence' and the 'act of becoming' simultaneously. The rhythmic symmetry of the 'na thā... na hotā' construction, which creates a perfect balance in the original Urdu, is difficult to replicate in English without sounding repetitive.",,,,,
b02,mirza-ghalib,"نہ تھا کچھ تو خدا تھا کچھ نہ ہوتا تو خدا ہوتا
ڈبویا مجھ کو ہونے نے نہ ہوتا میں تو کیا ہوتا","na thā kuchh to ḳhudā thā kuchh na hotā to ḳhudā hotā
Duboyā mujh ko hone ne na hotā maiñ to kyā hotā","Built on 'honā' (to be). Before anything was, God was; had nothing been, God would be; my being drowned me. Had I not been, what would I have been? Implies merging into God (waḥdat al-wujūd). Keep the repetition of 'being'.",G,"na: not/no; thā: was; kuchh: something, anything, a thing; to: then/if; khudā: God, the Absolute, the Beloved; hotā: would be, would have been; duboyā: has drowned, drowned; mujh ko: me, to me; hone ne: by being/existence (agent); na hotā: if ... had not been; in line 2, if I had not been; maiñ: I; kyā: what; hotā: would be. Phrases: na thā kuchh to khudā thā = if there was nothing, then God was; kuchh na hotā to khudā hotā = if nothing had been, then God would have been; duboyā mujh ko hone ne = existence drowned me; na hotā maiñ to kyā hotā = if I had not been, then what would I have been?","If there was nothing, then God was; if there had been nothing, then God would have been.
Existence has drowned me; if I had not been, what would I have been?","Nothing, and God was; no thing, and God would be.
Being has drowned me—if I were not, what would I be?","- The repeated kuchh and its negation play on 'something', 'anything', and 'nothing'; I kept the literal line close to 'nothing' and used 'no thing' in the poetic line to preserve the sense of a contingent thing reduced to void.
- The shift from thā ('was') to hotā ('would be') creates a paradox between actual being and counterfactual being; I preserved it by keeping 'God was' and 'God would be' in both the literal and poetic lines.
- khudā can mean God, the Absolute, or the Beloved in Sufi double meaning; I translated it as 'God' in the literal line and let the poetic line retain the broader divine resonance without over-specifying.
- hone ne makes 'being' or 'existence' the agent that 'drowned' the speaker, evoking fana or being overwhelmed by individual existence; I rendered it as 'Existence has drowned me' in the literal line and 'Being has drowned me' in the poetic line to make the agent clear and keep the philosophical register.
- na hotā maiñ to kyā hotā asks what the speaker would have been if he had not existed, turning non-being into a question about essence or identity; it echoes khudā hotā and can be read as pointing toward fana, annihilation in the Absolute. I used the timeless 'if I were not, what would I be' in the poetic line while keeping the past conditional in the literal line.
- The conditional particle to links the clauses as a chain of hypotheses; I rendered it with 'if' and 'then' in the literal line and compressed it into the stark 'Nothing, and...' / 'no thing, and...' in the poetic line. The poet's pen name is absent in this couplet.","The exact morphological play on thā/hotā, the word-order contrast between na thā kuchh and kuchh na hotā, the ambiguity of kuchh as 'something/anything', the agentive -ne in hone ne, the exact repetition of hotā at the end of both lines, the implied Sufi completion of kyā, the full Sufi double voice behind khudā, and the ghazal's meter and assonance, especially the repeated -ā and the soft sound of kuchh/na, which English cannot fully preserve.",,,,,
b02,mirza-ghalib,"نہ تھا کچھ تو خدا تھا کچھ نہ ہوتا تو خدا ہوتا
ڈبویا مجھ کو ہونے نے نہ ہوتا میں تو کیا ہوتا","na thā kuchh to ḳhudā thā kuchh na hotā to ḳhudā hotā
Duboyā mujh ko hone ne na hotā maiñ to kyā hotā","Built on 'honā' (to be). Before anything was, God was; had nothing been, God would be; my being drowned me. Had I not been, what would I have been? Implies merging into God (waḥdat al-wujūd). Keep the repetition of 'being'.",H,"There was nothing; there was God. If there had been no God, there would have been no God. I was put together by being; what else would I be?","If there were nothing, there would be God; if there were not this, there would be that. Had there been no being, I would have been something else.","When all is said and done, there's only God. If there had been no Being, what would I have been? (Ghalib)","- The 'nothing' of the first line refers to the world as we know it; the 'God' is the Absolute, which is always there. The 'this' and 'that' are the opposites in the duality of existence. 'Being' translates 'hun' (to be), which means both 'existence' and 'I am', so Ghalib refers to himself as a product of his own being. In the last line, 'what would I have been?' is an open question; it's not clear what he was going to say next.",,,,,,
b03,mirza-ghalib,"دل ناداں تجھے ہوا کیا ہے
آخر اس درد کی دوا کیا ہے","dil-e-nādāñ tujhe huā kyā hai
āḳhir is dard kī davā kyā hai","Simple address to the naive heart: what has happened to you, what cure is there for this pain? Checks that the model doesn't over-embellish plain diction.",A,"heart (dil) without complaint (nādāñ), what is the wind (hūā) to you, finally, what is the cure (davā) for this pain (dard)","Heart without complaint, what is the wind to you, finally, what is the cure for this pain","A heart unmurmuring, what breeze can soothe you, and what balm can heal this ache","- The word 'nādāñ' (without complaint) is a play on the poet's own name, Ghalib, which means 'master' or 'one who has no equal'. The phrase 'dil-e-nādāñ' is a self-referential pun. The word 'hūā' (wind) is often used as a metaphor for the beloved's breath or presence. The phrase 'as dard kī davā' is a common idiom for 'the cure for this pain', but here it's also a play on the idea of the beloved being the source of both pain and healing.","The nuances of the Persian vocabulary and the Sufi connotations of the poem are difficult to convey in English, and some of the wordplay and double meanings may be lost in translation.",,,,,
b03,mirza-ghalib,"دل ناداں تجھے ہوا کیا ہے
آخر اس درد کی دوا کیا ہے","dil-e-nādāñ tujhe huā kyā hai
āḳhir is dard kī davā kyā hai","Simple address to the naive heart: what has happened to you, what cure is there for this pain? Checks that the model doesn't over-embellish plain diction.",B,dil-e-nādāñ: naive/foolish heart; tujhe: to you; huā kyā hai: what has happened; āḳhir: finally/after all/ultimately; is dard kī: of this pain; davā: cure/remedy,"O naive heart, what has happened to you?
After all, what is the cure for this pain?","O foolish heart, what has come over you?
What is the remedy, at last, for this pain?","- The poet employs the trope of addressing the heart as a separate, sentient, and stubborn entity (dil-e-nādāñ), a common feature in the ghazal tradition to express internal conflict.
- The word 'dard' (pain) refers specifically to the 'pain of love' (ishq), which in Sufi and classical poetry is often viewed as a transformative or even desirable state rather than something to be simply eliminated.
- The word 'āḳhir' suggests a sense of desperation or a final, exhausted inquiry, moving from a question of 'what' to a question of 'how to fix it'.","The effortless, conversational cadence of the original Urdu, which masks a deep existential angst behind a deceptively simple vocabulary. The rhythmic symmetry (beher) that makes the couplet feel like a natural sigh is difficult to replicate in English.",,,,,
b03,mirza-ghalib,"دل ناداں تجھے ہوا کیا ہے
آخر اس درد کی دوا کیا ہے","dil-e-nādāñ tujhe huā kyā hai
āḳhir is dard kī davā kyā hai","Simple address to the naive heart: what has happened to you, what cure is there for this pain? Checks that the model doesn't over-embellish plain diction.",C,dil-e-nādāñ: naive/ignorant heart; tujhe: to you; huā kyā hai: what has happened; āḳhir: after all/finally; is dard kī: of this pain; davā: remedy/medicine,"O naive heart, what has happened to you?
After all, what is the remedy for this pain?","O foolish heart, what ails thee?
At last, what cure for this agony?","- The term 'dil-e-nādāñ' (naive heart) is a classic trope in the ghazal where the poet personifies the heart as a separate, somewhat incompetent entity that has foolishly surrendered to passion.
- The repetition of the question 'kyā hai' (what is) creates a sense of circularity and existential helplessness, a hallmark of Ghalib's style.
- The 'dard' (pain) is not merely physical but refers to the 'malady of love,' which in Sufi metaphysics is the necessary suffering required to strip away the ego.
- The 'davā' (remedy) creates a structural tension; in the logic of the ghazal, the cure for the pain of love is often the very thing that causes it (the Beloved).","The word 'nādāñ' carries a specific blend of innocence, lack of worldly wisdom, and endearing folly that 'naive' or 'foolish' only partially captures. Additionally, the melodic, almost sing-song simplicity of the Urdu meter, which contrasts sharply with the profound existential despair of the lyrics, is difficult to replicate in English.",,,,,
b03,mirza-ghalib,"دل ناداں تجھے ہوا کیا ہے
آخر اس درد کی دوا کیا ہے","dil-e-nādāñ tujhe huā kyā hai
āḳhir is dard kī davā kyā hai","Simple address to the naive heart: what has happened to you, what cure is there for this pain? Checks that the model doesn't over-embellish plain diction.",D,,"(unparsed reply)
{
    ""gloss"": ""What is the world to you, heartless one? / What remedy for this pain at last?"",
    ""literal"": ""Heartless, what does the world mean to you? / Last, what remedy for this pain?"",
    ""poetic"": ""Heartless one, what's the world to you? / Last, what's the remedy for this pain?"",
    ""notes"": [""The wordplay is on 'dil-e-nadān' which means heartless but also 'nādān' which means 'what does it matter?' or 'what does it mean?' and 'tujhe huá kyá hai' which means 'what is the world to you?' or 'what does the world mean to you?'. The wordplay in the last line is on the words 'is dard kí davá kyá hai', which means 'what remedy for this pain?' but also 'what's the remedy for this pain?' and 'what's the matter with this pain?' (i.e., why does it persist?). Ghalib uses a Sufi double meaning in the word 'davá' which means both 'remedy' and 'cure', as well as 'matters' or 'concerns'. In the last line, he also uses the word 'kí' which means 'what' but is also used to ask questions about the future tense. Ghalib's pen name is 'Ghalib' which means 'victor' and he often refers to himself as a 'g̲hālib-e-dil' or 'heart victor', indicating that he has overcome his heartlessness, and so he uses it here in the last line of this couplet. In the first line, Ghalib addresses someone who is heartless by asking them what does the world mean to them? In the last line, he addresses himself as a heart victor, asking what's the remedy for this pain? He suggests that the remedy is his heartlessness, which means that he doesn't care about anything. 'tujhe' in the first line and 'is dard kí davá kyá hai' in the last line both have an accusative suffix '-e' indicating a question being asked of someone or something. 'davá' also means 'concerns' which is why Ghalib uses it here, as he doesn't care about anything and so his heartlessness is the remedy for this pain. 'tujhe huá kyá hai' translates to 'what does the world mean to you?' but can also be understood as 'what's the matter with you?'. In the last line, Ghalib uses the word 'kí' which means 'what' and is used to ask questions about the future tense. 'is dard kí davá kyá hai' translates to 'what remedy for this pain?' but can also be understood as 'what's the matter with this pain?'. In the last line, Ghalib uses a Sufi double meaning in the word 'davá' which means both 'remedy' and 'cure', as well as 'matters' or 'concerns'. 'kí' is used to ask questions about the future tense. 'tujhe huá kyá hai' translates to 'what does the world mean to you?' but can also be understood as 'what's the matter with you?'. In the last line, Ghalib addresses himself as a heart victor and uses the word 'davá' which means both 'remedy' and 'cure', as well as 'matters' or 'concerns'. 'kí' is used to ask questions about the future tense. 'is dard kí davá kyá hai' translates to 'what remedy for this pain?' but can also be understood as 'what's the matter with this pain?'. Ghalib uses a Sufi double meaning in the word 'davá' which means b
[... cut: 41,234 characters, finish_reason=length]",,,,,,,,
b03,mirza-ghalib,"دل ناداں تجھے ہوا کیا ہے
آخر اس درد کی دوا کیا ہے","dil-e-nādāñ tujhe huā kyā hai
āḳhir is dard kī davā kyā hai","Simple address to the naive heart: what has happened to you, what cure is there for this pain? Checks that the model doesn't over-embellish plain diction.",E,dil-e-nādāñ tujhe huā kyā hai,What is this wind to your heartless one? What cure for this pain?,"What's the breeze to you, my heartless one? What balm for this pain?","- The poet asks what the wind means to his beloved, and how can her callousness be healed.",,,,,,
b03,mirza-ghalib,"دل ناداں تجھے ہوا کیا ہے
آخر اس درد کی دوا کیا ہے","dil-e-nādāñ tujhe huā kyā hai
āḳhir is dard kī davā kyā hai","Simple address to the naive heart: what has happened to you, what cure is there for this pain? Checks that the model doesn't over-embellish plain diction.",F,"dil-e-nādāñ: O naive/ignorant heart (dil = heart, nādāñ = naive/foolish, -e- = ezafe linking); tujhe huā kyā hai: what has happened to you?; āḳhir: at last / after all / in the end; is dard kī davā: the cure/remedy for this pain; kyā hai: what is?","O naive heart, what has happened to you? / After all, what is the cure for this pain?","O foolish heart, what has come over you? / In the end, what is the remedy for this pain?","- dil-e-nādāñ is an apostrophe to the heart; nādāñ can mean naive, innocent, or foolish. I use 'naive heart' in the literal version and 'foolish heart' in the poetic version to keep the affectionate reproach.
- āḳhir carries both 'at last' and 'after all,' implying a long, fruitless search for a cure. I render it as 'After all' literally and 'In the end' poetically to preserve that double edge.
- dard/davā (pain/remedy) is a stock ghazal pairing. The pain is left unnamed, so it can suggest worldly love, existential longing, or Sufi divine longing.
- The second line is a rhetorical question with no answer, a common ghazal gesture of helplessness.
- No takhallus (pen name) appears in this sher.","The ezafe construction dil-e-nādāñ, the meter and rhyme, the full ambiguity of āḳhir, and the ghazal convention of addressing one's own heart as a separate, naive companion are difficult to carry into English.",,,,,
b03,mirza-ghalib,"دل ناداں تجھے ہوا کیا ہے
آخر اس درد کی دوا کیا ہے","dil-e-nādāñ tujhe huā kyā hai
āḳhir is dard kī davā kyā hai","Simple address to the naive heart: what has happened to you, what cure is there for this pain? Checks that the model doesn't over-embellish plain diction.",G,"dil = heart; nādāñ = ignorant, naive, unknowing; tujhe = to you; huā kyā hai = what has happened/befallen; āḳhir = after all, in the end; is = this; dard = pain, ache, sorrow; kī = of (genitive); davā = medicine, cure, remedy; kyā hai = what is","O ignorant heart, what has happened to you?
After all, what is the cure for this pain?","O foolish heart, what has befallen you?
In the end, what remedy for this pain?","- dil-e-nādāñ is a stock ghazal address that personifies the heart as a naive lover who has not learned better; 'foolish' in the poetic line captures the reproachful tone better than the clinically neutral 'ignorant.'
- The parallel structure of two questions both ending in kyā hai creates a sense of circular helplessness — the speaker cannot name the cause nor the cure, trapping the heart in a loop of unanswered questions.
- dard and davā form a sonic near-rhyme (both initial /d/, similar syllable weight), linking the problem and its (non-existent) solution in sound; this is lost in English where 'pain' and 'remedy' share no such phonetic bond.
- Both questions are rhetorical: the implied answer to the second is 'there is none.' The couplet enacts the helplessness it describes.
- nādāñ carries a Sufi undertone of spiritual ignorance (jahāl) — the heart's attachment to the beloved is itself a form of not-knowing, so the reproach is also self-directed.","The sonic echo between dard and davā; the specific meter of the original; the cultural weight of nādāñ as a term that simultaneously means 'naive' and 'spiritually unawakened'; the conversational, almost exasperated register that sits between tenderness and self-reproach.",,,,,
b03,mirza-ghalib,"دل ناداں تجھے ہوا کیا ہے
آخر اس درد کی دوا کیا ہے","dil-e-nādāñ tujhe huā kyā hai
āḳhir is dard kī davā kyā hai","Simple address to the naive heart: what has happened to you, what cure is there for this pain? Checks that the model doesn't over-embellish plain diction.",H,"dil: heart; nādāñ: ignorant, naive, foolish; tujhe: to you; huā: happened, occurred; kyā hai: what is; āḳhir: finally, at last; is: this; dard: pain, ache; kī: of; davā: medicine, cure, remedy","O foolish heart, what has happened to you?
Finally, what is the cure for this pain?","O heart, so simple and blind, what has come over you?
At last, what remedy can heal this ache of mine?","- Personification: The 'dil' (heart) is personified as a naive, almost childlike entity ('nādāñ') that has fallen into a state of madness or love without understanding why.
- The 'Dard' (Pain): In the context of the ghazal, 'pain' is not physical; it refers to the spiritual or romantic agony of longing (firāq) and the existential weight of existence.
- Rhetorical Structure: The couplet uses two consecutive rhetorical questions. Ghalib is not seeking a literal medical cure; he is highlighting the bewilderment of a state of being where the cause and the remedy are both unknown.
- Sufi Undercurrent: There is a subtle Sufi double meaning where the 'pain' is the separation from the Divine, and the 'cure' is the paradox of finding union through the very experience of suffering.",The specific musicality of the Urdu meter (behr) and the 'izafat' (the Persian 'e' connecting 'dil' and 'nādāñ') which creates a seamless flow that English struggles to replicate. The word 'nādāñ' carries a nuance of 'sweet ignorance' that 'foolish' doesn't fully capture.,,,,,
b04,mirza-ghalib,"عشق نے غالبؔ نکما کر دیا
ورنہ ہم بھی آدمی تھے کام کے","ishq ne 'ġhālib' nikammā kar diyā
varna ham bhī aadmī the kaam ke","Contrast of 'nikammā' (useless) with 'aadmī the kaam ke' (a man of use). Self-mocking tone, pen name in the final couplet.",A,"ishq: love (passionate/divine); ne: (agentive marker); Ghalib: [the poet's pen name, meaning 'dominant']; nikammā: useless, idle, good-for-nothing; kar diyā: made/rendered; varna: otherwise; ham: I/we; bhī: also; aadmī: man/person; kaam ke: capable, useful, of substance","Love has made Ghalib useless,
Otherwise, I too was a man of use.","Love has rendered Ghalib quite idle,
Else, I too was a man of worth.","- The Takhallus (pen name): Ghalib uses his own name, which means 'the conqueror' or 'the dominant one,' to create a sharp irony: the man whose name implies mastery has been completely defeated and rendered 'useless' by love.
- The Dichotomy: The couplet hinges on the linguistic opposition between 'nikammā' (socially useless/idle) and 'kaam ke' (capable/productive).
- The Lover's Paradox: In the ghazal tradition, the lover is often viewed by society as a madman or a wastrel. Ghalib adopts this self-deprecating persona, playing with the idea that his preoccupation with the Beloved has stripped him of his worldly competence.
- Humor and Wit: Unlike the heavy, tragic tone of many Sufi poets, Ghalib employs a conversational, almost nonchalant wit (zarafat) to discuss his own spiritual or emotional undoing.
- The Royal 'We': The use of 'ham' (we) is the standard poetic convention for the first-person singular, providing a sense of dignity even while discussing his 'uselessness'.","The English cannot fully capture the specific social sting of 'nikammā,' which implies not just being idle, but being a burden to society. Additionally, the rhythmic interplay between the heavy 'nikammā' and the functional 'kaam ke' provides a linguistic balance in Urdu that is difficult to replicate without sounding clunky in English.",,,,,
b04,mirza-ghalib,"عشق نے غالبؔ نکما کر دیا
ورنہ ہم بھی آدمی تھے کام کے","ishq ne 'ġhālib' nikammā kar diyā
varna ham bhī aadmī the kaam ke","Contrast of 'nikammā' (useless) with 'aadmī the kaam ke' (a man of use). Self-mocking tone, pen name in the final couplet.",B,"ishq = love (romantic or divine); ne = ergative marker (marks love as agent); Ghalib = the poet's pen name (takhallus), literally 'the conqueror, the victor' (Arabic); nikammā = useless, worthless, good for nothing; kar diyā = has made (perfective aspect, completed action); varna = otherwise; ham = we / I (poetic plural); bhī = also, too; aadmī = a man, a person; the = were (past); kaam ke = of use, useful, good for something (colloquial idiom)","Love has made Ghalib useless,
otherwise we were also a useful man.","Love has made Ghalib a worthless wretch—
otherwise I, too, was a man of use.","- The central wordplay is on 'Ghalib': it is simultaneously the poet's pen name and the Arabic word for 'conqueror' or 'victor.' The irony is that the one who conquers all has been rendered powerless by love. In the poetic line I retain the proper name to preserve the takhallus reference, but the 'conqueror' reading is the engine of the couplet's irony.
- 'Nikammā' is a blunt, almost vulgar word—'good for nothing,' 'a waste.' It carries a self-deprecating harshness that is characteristic of Ghalib's late style, where the poet turns his wit against himself.
- 'Aadmī kaam ke' is a colloquial idiom meaning 'a person who is good for something, a useful person.' The casual register of this phrase contrasts with the elevated 'ishq,' creating a tonal shift within the couplet: from the cosmic force of love to the mundane assessment of one's own utility.
- The Sufi undercurrent: 'ishq' in this tradition is not merely romantic love but the annihilating divine love that destroys the ego (nafs). The 'conqueror' who has mastered the world is conquered by a love that makes all worldly achievement meaningless. The 'usefulness' of the second line is thus a worldly metric that love renders obsolete.
- The poetic 'we' (ham) is a conventional plural in Urdu poetry that can function as an inclusive 'I.' I have rendered it as 'I' in the poetic line for naturalness in English, though the 'we' carries a faint communal or universalizing quality.","The double reading of 'Ghalib' as both name and 'conqueror' cannot be fully preserved in a single English word; the reader must be told rather than shown the pun. The Sufi layer of 'ishq' as divine, ego-annihilating love is flattened to mere romantic love in English without a note. The colloquial bluntness of 'nikammā' and 'kaam ke'—which sit at a specific register between the elevated and the street—has no exact English equivalent; 'worthless wretch' and 'man of use' approximate but do not replicate the tonal texture. The perfective 'kar diyā' (has made, and it is done, irreversible) carries a finality that English 'has made' only partially conveys.",,,,,
b04,mirza-ghalib,"عشق نے غالبؔ نکما کر دیا
ورنہ ہم بھی آدمی تھے کام کے","ishq ne 'ġhālib' nikammā kar diyā
varna ham bhī aadmī the kaam ke","Contrast of 'nikammā' (useless) with 'aadmī the kaam ke' (a man of use). Self-mocking tone, pen name in the final couplet.",C,"ishq = love; ne = ergative marker; Ghalib = pen name (lit. 'dominant/victor'); nikammā = useless, worthless, good-for-nothing; kar diyā = made/rendered; varna = otherwise, or else; ham bhī = I too (poetic plural); ādmī = man/person; the = were; kām ke = of work, i.e. useful/competent","Love made Ghalib useless;
otherwise I too was a man of work.","Love has rendered Ghalib good-for-nothing—
otherwise I too was a man of use.","- The pen name 'Ghalib' means 'dominant' or 'victor,' so there is irony in the one named dominant being made useless by love.
- 'Kaam ke aadmi' is an idiom for a useful, capable person; I rendered it as 'man of use/useful man.'
- The register is deliberately colloquial ('nikamma,' 'kaam ke'), giving the couplet a wry, self-deprecating humor.
- The first-person 'hum' is a conventional poetic/royal plural; English uses 'I'.
- In the ghazal tradition, love's ruin of worldly competence can carry Sufi overtones of self-annihilation, though here the tone is more witty than mystical.",The pun on the pen name Ghalib ('dominant/victor') and the colloquial flavor of 'nikamma' versus 'kaam ke aadmi' cannot be fully carried; English also loses the Persian/Urdu ergative construction and the poetic plural 'hum.',,,,,
b04,mirza-ghalib,"عشق نے غالبؔ نکما کر دیا
ورنہ ہم بھی آدمی تھے کام کے","ishq ne 'ġhālib' nikammā kar diyā
varna ham bhī aadmī the kaam ke","Contrast of 'nikammā' (useless) with 'aadmī the kaam ke' (a man of use). Self-mocking tone, pen name in the final couplet.",D,"ishq: love (passionate/divine); nikammā: useless, idle, good-for-nothing; varna: otherwise, else; ādmī kām ke: a man of use, a capable person, someone of substance.","Love has made Ghalib useless,
Otherwise, I too was a man of use.","Love has rendered Ghalib a man of no worth,
Otherwise, I too was a man of substance.","- Takhallus: Ghalib includes his pen name in the second line, which is the standard convention for the maqta (the closing couplet of a ghazal).
- Ishq: In the Sufi and Persianate tradition, 'ishq' is an all-consuming, transformative force. Here, it is the catalyst that strips the poet of his worldly productivity.
- Nikammā: This is a self-deprecating term. Ghalib uses it ironically to describe his state of being 'ruined' or 'rendered idle' by his obsession with love/poetry.
- Ādmī kām ke: A common idiom meaning a person of capability or social utility. The humor lies in the contrast between his former 'useful' self and his current 'useless' state of poetic obsession.
- Ham: The use of 'ham' (we) is a poetic convention for 'I,' common in Urdu and Persian poetry to convey a sense of dignity or a shared human experience.",The specific musicality of the Urdu meter and the subtle irony of 'nikammā'—which carries a nuance of 'noble idleness'—are difficult to replicate in English.,,,,,
b04,mirza-ghalib,"عشق نے غالبؔ نکما کر دیا
ورنہ ہم بھی آدمی تھے کام کے","ishq ne 'ġhālib' nikammā kar diyā
varna ham bhī aadmī the kaam ke","Contrast of 'nikammā' (useless) with 'aadmī the kaam ke' (a man of use). Self-mocking tone, pen name in the final couplet.",E,Love has made Ghalib a slave; otherwise we too were ordinary people doing our work.,"Love has turned 'Ghalib' into a slave; otherwise, we too would have been ordinary people doing their work.",Love has turned Ghalib into a slave; otherwise we too would be ordinary people doing our work.,"- The wordplay is in the pen name. 'Nikamma' means both 'slave' and 'useless'. 'Ghalib' is the poet's pen name, which he uses only here to make a point about his enslavement by love.",,,,,,
b04,mirza-ghalib,"عشق نے غالبؔ نکما کر دیا
ورنہ ہم بھی آدمی تھے کام کے","ishq ne 'ġhālib' nikammā kar diyā
varna ham bhī aadmī the kaam ke","Contrast of 'nikammā' (useless) with 'aadmī the kaam ke' (a man of use). Self-mocking tone, pen name in the final couplet.",F,"ishq: love; nikamma: idle, useless; ġhālib: Ghalib's pen name; varna: otherwise; aadmī: man; kaam: work",Love has made Ghalib idle. Otherwise we too were men of work.,"Love has rendered me useless. Otherwise, we too would have been men of purpose.","- The phrase 'nikamma kar diyā' is a common Urdu expression meaning 'to make someone useless' or 'to render someone idle'. I've kept the word 'useless' to preserve the idiomatic expression. The word 'kaam' also has a connotation of 'duty' or 'responsibility', which is lost in translation.","The nuance of 'nikamma' as a state of being, rather than just a verb, and the implication that love has changed Ghalib's very nature.",,,,,
b04,mirza-ghalib,"عشق نے غالبؔ نکما کر دیا
ورنہ ہم بھی آدمی تھے کام کے","ishq ne 'ġhālib' nikammā kar diyā
varna ham bhī aadmī the kaam ke","Contrast of 'nikammā' (useless) with 'aadmī the kaam ke' (a man of use). Self-mocking tone, pen name in the final couplet.",G,Love made Ghalib a poet; otherwise we too were people for work's sake,Love gave birth to 'Ghālib'; otherwise we too were people meant for work,"Love brought forth Ghālib; else, we'd been men of labor's trade",- nikammā,,,,,,
b04,mirza-ghalib,"عشق نے غالبؔ نکما کر دیا
ورنہ ہم بھی آدمی تھے کام کے","ishq ne 'ġhālib' nikammā kar diyā
varna ham bhī aadmī the kaam ke","Contrast of 'nikammā' (useless) with 'aadmī the kaam ke' (a man of use). Self-mocking tone, pen name in the final couplet.",H,ishq: passionate love; Ghalib: pen name (lit. 'dominant'); nikammā: useless/good-for-nothing; kar diyā: rendered/made; varna: otherwise; ham: I/we; ādmī: man/person; kaam ke: of use/competent/worthy,"Love has rendered Ghalib useless,
otherwise I too was a man of use.","Love has made Ghalib a wasted shell,
else I too was a man of merit.","- The core of the couplet is the wordplay between 'nikammā' (useless/without work) and 'kaam ke' (useful/of work), creating a sharp contrast between the poet's current state and his former potential.
- The use of the pen name 'Ghalib' (meaning 'Dominant' or 'Overpowering') is deeply ironic here; the one whose name signifies dominance has been completely subdued and rendered powerless by love.
- The pronoun 'ham' (we) is the royal plural often used by Ghalib to maintain a sense of persona and dignity even while admitting failure.",The rhythmic punch and colloquial bite of 'nikammā'—a word that carries a specific social sting of being a 'good-for-nothing'—is difficult to capture without sounding too informal or too formal in English.,,,,,
b05,mirza-ghalib,"ہم کو معلوم ہے جنت کی حقیقت لیکن
دل کے خوش رکھنے کو غالبؔ یہ خیال اچھا ہے","ham ko ma.alūm hai jannat kī haqīqat lekin
dil ke ḳhush rakhne ko 'ġhālib' ye ḳhayāl achchhā hai","Sceptical irony: I know the truth about paradise, but it is a nice thought to keep the heart happy. Must not become pious or flatly atheist.",A,We know the reality of paradise but Ghaleb considers this thought good for keeping the heart happy,We are aware of the truth about heaven but 'Ghaleb' deems it fitting to hold such a notion in order to keep the heart contented,"Though we know what's true, let's think of paradise and find peace in our hearts",- The speaker acknowledges that they are aware of the reality of heaven. 'Ghaleb' is Ghalib's pen name. The thought about heaven is considered beneficial for keeping the heart happy,,,,,,
b05,mirza-ghalib,"ہم کو معلوم ہے جنت کی حقیقت لیکن
دل کے خوش رکھنے کو غالبؔ یہ خیال اچھا ہے","ham ko ma.alūm hai jannat kī haqīqat lekin
dil ke ḳhush rakhne ko 'ġhālib' ye ḳhayāl achchhā hai","Sceptical irony: I know the truth about paradise, but it is a nice thought to keep the heart happy. Must not become pious or flatly atheist.",B,"We know the reality of heaven but Ghalib, this is a good idea for keeping the heart happy","We know the reality of heaven, but Ghalib, it's a great idea to keep the heart happy.","We know what heaven means, Ghalib, but it's a fine thought to make the heart contented with it.","- The wordplay is in 'jannat kī haqīqat' (reality of heaven) and 'dil ke ḳhush rakhne' (keeping the heart happy). Ghalib, who was a Sufi, uses the word 'jannat' to mean 'spiritual reality', as in 'jannat-i-baqa' ('permanent reality'). In the last line he uses 'dil' for 'heart' and 'khus rakhna' (to keep happy) for 'to make contented with'. The wordplay is very delicate, but it's not lost in English. 'Khus rakhna' means 'to preserve', which doesn't quite convey the sense of 'make contented with' that Ghalib intended. 'Achcha' (good) is a Sufi word for 'fine thought'.",,,,,,
b05,mirza-ghalib,"ہم کو معلوم ہے جنت کی حقیقت لیکن
دل کے خوش رکھنے کو غالبؔ یہ خیال اچھا ہے","ham ko ma.alūm hai jannat kī haqīqat lekin
dil ke ḳhush rakhne ko 'ġhālib' ye ḳhayāl achchhā hai","Sceptical irony: I know the truth about paradise, but it is a nice thought to keep the heart happy. Must not become pious or flatly atheist.",C,"ham ko = to us; maʿlūm hai = we know; jannat = paradise, Heaven; haqīqat = reality, truth (Sufi: the ultimate truth behind appearances); lekin = but; dil = heart; khush rakhne ko = to keep (it) content, at ease; ʿġhalib = Ghalib (pen name); ye khayāl = this idea, this notion, this belief; achchhā hai = is good, is fine","We know the reality of paradise, but
to keep the heart content, Ghalib, this idea is good.","We know the truth of Heaven, yet
to keep the heart at ease, Ghalib, this notion will do.","- Haqīqat (reality/truth) carries a specific Sufi weight: it is the ultimate, unmediated truth, the highest level of spiritual knowledge. Khyāl (idea/imagination) is the lower rung in the Sufi hierarchy of experience. The couplet thus enacts a deliberate descent from haqīqat to khyāl — the speaker *chooses* the lower, more comforting level.
- The word khayāl is doing double duty: it means both 'idea' (the concept of paradise) and 'imagination' (the act of imagining it). The speaker is aware that what sustains him is not knowledge but a kind of willing imagination.
- The understated 'achchhā hai' (is good) is deliberately flat — not 'beautiful,' not 'wonderful,' just 'good.' This is the tone of pragmatic, world-worn faith: not blind devotion but a conscious, slightly weary decision to believe for the sake of the heart's comfort.
- The couplet is a quiet act of self-awareness: the speaker knows he is choosing comfort over truth, and says so openly. This meta-awareness is a hallmark of Ghalib's later style.
- The pen name ʿġhalib falls mid-line, as is typical, and the word 'Ghalib' (meaning 'the conqueror/victor') creates an ironic counterpoint: the one who 'conquers' here is not conquering doubt but making peace with it.","The Sufi technical distinction between haqīqat and khyāl as graded levels of spiritual experience is not recoverable in English without a footnote. The flat, almost deflating register of 'achchhā hai' resists translation — English tends to push toward either enthusiasm or dismissal, while the Urdu holds a precise middle ground of quiet, pragmatic acceptance. The ghazal's structural music — the radif and qafiya that bind this couplet to the rest of the poem — is entirely absent.",,,,,
b05,mirza-ghalib,"ہم کو معلوم ہے جنت کی حقیقت لیکن
دل کے خوش رکھنے کو غالبؔ یہ خیال اچھا ہے","ham ko ma.alūm hai jannat kī haqīqat lekin
dil ke ḳhush rakhne ko 'ġhālib' ye ḳhayāl achchhā hai","Sceptical irony: I know the truth about paradise, but it is a nice thought to keep the heart happy. Must not become pious or flatly atheist.",D,"ham ko — to us; ma.alūm hai — is known; jannat kī haqīqat — the reality/truth of Paradise; lekin — but; dil ke khush rakhne ko — for keeping the heart happy/content; Ghalib — the poet's pen name, used as self-address; ye khayāl — this thought/idea/fancy; achchhā hai — is good","We know the reality of Paradise, but
for keeping the heart happy, Ghalib, this idea is good.","We know the truth of Paradise, but still,
to keep the heart glad, Ghalib, this fancy is good.","- The central contrast is between haqīqat (reality/truth) and khayāl (thought/fancy/illusion). Ghalib claims knowledge of Paradise's true nature but values the comforting thought over that knowledge.
- dil ke khush rakhne ko is an idiom meaning to console oneself or keep one's spirits up; I rendered it as 'to keep the heart glad/content.'
- Ghalib is the poet's pen name (takhallus) in the final-line self-address, a standard ghazal convention. The name means 'victor/dominant,' though that meaning is not especially active here.
- jannat carries Islamic and Quranic associations of Paradise; English 'Paradise' keeps some of that weight but not the everyday religious familiarity.","The philosophical pairing of haqīqat and khayāl, the colloquial ease of achchhā hai, and the full cultural resonance of jannat and the ghazal pen-name convention are hard to carry fully into English.",,,,,
b05,mirza-ghalib,"ہم کو معلوم ہے جنت کی حقیقت لیکن
دل کے خوش رکھنے کو غالبؔ یہ خیال اچھا ہے","ham ko ma.alūm hai jannat kī haqīqat lekin
dil ke ḳhush rakhne ko 'ġhālib' ye ḳhayāl achchhā hai","Sceptical irony: I know the truth about paradise, but it is a nice thought to keep the heart happy. Must not become pious or flatly atheist.",E,ham ko: we/to us; ma.alūm: known; jannat: paradise; haqīqat: reality/truth; lekin: but; dil: heart; ḳhush rakhne ko: to keep happy/content; ġhālib: (pen name) Ghalib; ye: this; ḳhayāl: thought/notion/fancy; achchhā: good/fine,"We know the reality of paradise, but
To keep the heart happy, Ghalib, this thought is good.","The truth of Paradise is known to us, it's true,
But to soothe the heart, Ghalib, this fancy will do.","- The central tension lies in the juxtaposition of 'haqīqat' (reality/truth) and 'khayāl' (thought/fancy/delusion), contrasting the cold intellect with the emotional needs of the heart.
- The reference to 'jannat' (paradise) carries a typical Ghalibian irony; he suggests that the promised afterlife is a simplistic construct or a 'useful fiction' rather than a spiritual destination.
- The use of the takhallus (pen name) 'Ghalib' acts as a self-address, creating a sense of detached observation where the poet speaks to himself about his own self-deception.","The rhythmic flow of the Urdu meter and the precise ambiguity of 'khayāl', which simultaneously means a conscious thought, a poetic imagination, and a comforting lie.",,,,,
b05,mirza-ghalib,"ہم کو معلوم ہے جنت کی حقیقت لیکن
دل کے خوش رکھنے کو غالبؔ یہ خیال اچھا ہے","ham ko ma.alūm hai jannat kī haqīqat lekin
dil ke ḳhush rakhne ko 'ġhālib' ye ḳhayāl achchhā hai","Sceptical irony: I know the truth about paradise, but it is a nice thought to keep the heart happy. Must not become pious or flatly atheist.",F,ham ko: to us / we; ma'alum hai: know / is known; jannat: paradise / heaven; haqīqat: reality / truth; lekin: but; dil: heart; khush rakhne ko: to keep happy / for the sake of pleasing; Ghalib: the poet's pen name; ye: this; khayāl: idea / notion / fancy; achchhā hai: is good,"We know the reality of paradise, but
To keep the heart happy, O Ghalib, this idea is good.","We know the truth of heaven, yet
To soothe the heart, Ghalib, this fancy is sweet.","- Haqīqat (Reality) vs. Khayāl (Idea/Fancy): This is the central tension. Ghalib suggests that the 'truth' of paradise is something he understands (perhaps implying it is a myth or a harsh reality), while the popular belief is merely a 'khayāl' (a comforting imagination).
- Irony: Ghalib uses a self-deprecating irony. He is mocking the human tendency to prefer a beautiful lie over a difficult truth.
- Sufi undertones: In Sufi poetry, 'Paradise' often refers to a state of spiritual ecstasy. Ghalib plays on whether this state is a literal place or a psychological construct.
- The Takhallus: The inclusion of 'Ghalib' in the second line follows the tradition of the maqta (the final couplet), where the poet addresses himself to provide a sense of personal reflection.","The specific Urdu nuance of 'khayāl' which perfectly balances 'thought,' 'imagination,' and 'delusion' in a single word. The rhythmic weight of 'haqīqat' also carries a more profound philosophical gravity in Urdu than 'reality' does in English.",,,,,
b05,mirza-ghalib,"ہم کو معلوم ہے جنت کی حقیقت لیکن
دل کے خوش رکھنے کو غالبؔ یہ خیال اچھا ہے","ham ko ma.alūm hai jannat kī haqīqat lekin
dil ke ḳhush rakhne ko 'ġhālib' ye ḳhayāl achchhā hai","Sceptical irony: I know the truth about paradise, but it is a nice thought to keep the heart happy. Must not become pious or flatly atheist.",G,"ham ko (to us/we), ma'lūm hai (is known), jannat (paradise), haqīqat (reality/truth), lekin (but), dil ke khush rakhne ko (to keep the heart happy/content), ġhālib (the poet's pen name), ye (this), ḳhayāl (thought/notion/fancy), achchhā hai (is good)","We know the reality of paradise, but
To keep the heart happy, Ghalib, this thought is good","We know the truth of paradise, and yet
To soothe the heart, Ghalib, this fancy is quite fine","- The core of the sher lies in the dialectic between 'haqīqat' (objective reality/truth) and 'ḳhayāl' (subjective thought/imagination/notion).
- Ghalib employs a signature philosophical skepticism, suggesting that the religious promise of paradise might be a psychological coping mechanism—a 'pleasant thought'—rather than an ontological fact.
- The phrase 'dil ke khush rakhne ko' functions as an idiom for providing a comforting delusion or an appeasement of human desire.
- The use of the first-person plural 'ham' (we) shifts the tone from a personal doubt to a universal, almost detached, observation of the human condition.
- The takhallus (pen name) 'Ghalib' is used here to add a layer of self-aware wit, as if the poet is commenting on his own cynical or clever observation.","The English 'fancy' or 'notion' fails to fully capture the ambiguity of 'ḳhayāl', which in Urdu can simultaneously mean a thought, a whim, a memory, and a beautiful illusion. Additionally, the specific spiritual weight of 'haqīqat'—which implies a divine, absolute truth—is somewhat flattened in English.",,,,,
b05,mirza-ghalib,"ہم کو معلوم ہے جنت کی حقیقت لیکن
دل کے خوش رکھنے کو غالبؔ یہ خیال اچھا ہے","ham ko ma.alūm hai jannat kī haqīqat lekin
dil ke ḳhush rakhne ko 'ġhālib' ye ḳhayāl achchhā hai","Sceptical irony: I know the truth about paradise, but it is a nice thought to keep the heart happy. Must not become pious or flatly atheist.",H,"We are aware of the reality of heaven, but it is better to think that the pleasure of the heart is the ultimate goal.",We know the reality of heaven but it is better to keep the heart pleased.,"We know the secret of paradise, but it's wiser to believe that joy of heart is the ultimate bliss.","- The word 'jannat' (heaven) is used to refer to a state of spiritual bliss, rather than a physical place. 'Khush rakhne' is a phrase that can be translated as 'keeping the heart pleased' or 'keeping joy in the heart', but it also has a double meaning of 'keeping the heart in a state of spiritual pleasure'. The poet is using the word 'ghalib' (his pen name) in the final couplet, which is a common convention in Urdu poetry. The phrase 'ye khayal achchha hai' is a polite way of saying 'this is a good idea', but it also has a connotation of 'this is a Sufi's way of thinking'.",The nuances of the Sufi concept of 'jannat' and the double meaning of 'khush rakhne' may be lost in translation.,,,,,
b06,mirza-ghalib,"نقش فریادی ہے کس کی شوخیٔ تحریر کا
کاغذی ہے پیرہن ہر پیکر تصویر کا","naqsh fariyādī hai kis kī shoḳhi-e-tahrīr kā
kāġhzī hai pairahan har paikar-e-tasvīr kā","Famously opaque opening of the Diwan. Alludes to the Persian custom of petitioners wearing paper robes before a ruler: every figure in the picture wears paper, complaining against the playful pen of its maker. Needs annotation; a bare literal version is meaningless.",A,"naqsh: image, figure, trace, design; fariyādī: complaining, plaintiff, lamenting; kis kī: whose; shoḳhī-e-tahrīr: playfulness/mischief/brilliance of writing or pen; kāġhzī: made of paper; pairahan: garment, robe; har paikar-e-tasvīr: every form/figure of a picture",The image complains of whose playfulness of writing? / Paper is the garment of every figure of the picture.,"A painted figure cries out—against whose playful pen? / Each image wears a paper robe, again and again.","- naqsh means both a painted/drawn figure and a written character or trace, so the line conflates picture and writing.
- fariyādī is a legal complainant/plaintiff: the image is not merely sad but formally lodging a grievance against the artist's caprice.
- shoḳhī-e-tahrīr means the playful wit or mischief of the pen/script, suggesting both dazzling calligraphic style and arbitrary creative power.
- kāġhzī pairahan is both literal—the only garment of a painted figure is the paper surface—and symbolic—its body/clothing is insubstantial, fragile, paper-thin.
- In a Sufi register, all phenomenal forms are figures in a divine artwork, wearing paper-thin robes, complaining of the painter’s will.","The English cannot fully carry the double sense of naqsh as both image and letter/writing, the legal complaint embedded in fariyādī, or the compressed Persian-Urdu izāfat that makes shoḳhī-e-tahrīr mean both artistic flair and fateful play.",,,,,
b06,mirza-ghalib,"نقش فریادی ہے کس کی شوخیٔ تحریر کا
کاغذی ہے پیرہن ہر پیکر تصویر کا","naqsh fariyādī hai kis kī shoḳhi-e-tahrīr kā
kāġhzī hai pairahan har paikar-e-tasvīr kā","Famously opaque opening of the Diwan. Alludes to the Persian custom of petitioners wearing paper robes before a ruler: every figure in the picture wears paper, complaining against the playful pen of its maker. Needs annotation; a bare literal version is meaningless.",B,naqsh (image/sketch/imprint); fariyādī (complainant/plaintiff); shoḳhi (playfulness/mischief/vivacity); tahrīr (writing/inscription/stroke); kāġhzī (made of paper); pairahan (garment/robe); paikar (form/embodiment/figure); tasvīr (picture/painting),"The image is a complainant against whose playful writing?
The garment of every figure in the picture is made of paper.","The sketch cries out: 'Whose playful stroke is this?'
For every form in the painting wears a garment of paper.","- Shoḳhi-e-tahrīr: This refers to the 'mischievous' or 'vivacious' stroke of the pen or brush. In a Sufi context, it alludes to the capricious or playful nature of the Divine Creator's hand in fashioning the universe.
- The Paradox of Existence: The 'naqsh' (the created image) is a 'fariyādī' (complainant) because it realizes its own ontological fragility. It complains against the very 'writing' (the act of creation) that brought it into being, because that creation reveals its substance to be nothing but paper.
- Metaphor of Paper: Ghalib uses 'paper' to symbolize the ephemeral, thin, and unsubstantial nature of physical existence. The 'garment' (outer appearance) and the 'form' (the body) are both equally fragile.
- Naqsh vs. Tasvīr: There is a subtle distinction between 'naqsh' (the mark, the sketch, or the imprint) and 'tasvīr' (the completed visual representation), emphasizing the process of being 'written' into existence.","The English cannot fully capture the dual meaning of 'shoḳhi,' which simultaneously implies artistic brilliance, mischievousness, and divine caprice. Additionally, the rhythmic resonance between 'tahrīr' (writing) and 'tasvīr' (picture) creates a musicality in Urdu that underscores the thematic link between the act of writing and the resulting image.",,,,,
b06,mirza-ghalib,"نقش فریادی ہے کس کی شوخیٔ تحریر کا
کاغذی ہے پیرہن ہر پیکر تصویر کا","naqsh fariyādī hai kis kī shoḳhi-e-tahrīr kā
kāġhzī hai pairahan har paikar-e-tasvīr kā","Famously opaque opening of the Diwan. Alludes to the Persian custom of petitioners wearing paper robes before a ruler: every figure in the picture wears paper, complaining against the playful pen of its maker. Needs annotation; a bare literal version is meaningless.",C,naqsh: a sign or mark; fariyādī: a cry or lament; shoḳhi: playfulness or jest; tahrīr: writing or script; kāġhzī: paper; pairahan: garment; paikar: figure or portrait; tasvīr: picture,The sign of a cry is of whose playfulness of writing? The paper is the garment of every figure of picture.,The mark of a heart's cry is a jest of whose hand? Every face wears the cloak of a painted image.,"- The first line plays on the idea of a poet's signature or mark being a reflection of their emotional state. The word 'shoḳhi' can also imply a sense of playfulness or jest, but in this context, it's a clever way of saying that the poet's emotional state is a reflection of their inner turmoil. The second line uses the metaphor of a person wearing a garment to describe how a picture or portrait can be seen as a covering or a disguise for the true self.","The nuances of the Persian vocabulary and the Sufi undertones of the poem may be lost in translation, but the core idea of the poet's emotional state being reflected in their work remains intact.",,,,,
b06,mirza-ghalib,"نقش فریادی ہے کس کی شوخیٔ تحریر کا
کاغذی ہے پیرہن ہر پیکر تصویر کا","naqsh fariyādī hai kis kī shoḳhi-e-tahrīr kā
kāġhzī hai pairahan har paikar-e-tasvīr kā","Famously opaque opening of the Diwan. Alludes to the Persian custom of petitioners wearing paper robes before a ruler: every figure in the picture wears paper, complaining against the playful pen of its maker. Needs annotation; a bare literal version is meaningless.",D,The signature is that of whose bold writing? / Every image worn on paper is fragile,A signature in blood is that of whose bold writing? / The clothing of every image made of paper is fragile,Whose daring pen leaves a bloody mark? / Each portrait's fabric is as fragile as paper,"- The poet is playing with the idea of 'pen names' and 'signatures', which are usually written in blood. The fragility of paper refers to the transience of art, life, and love.",,,,,,
b06,mirza-ghalib,"نقش فریادی ہے کس کی شوخیٔ تحریر کا
کاغذی ہے پیرہن ہر پیکر تصویر کا","naqsh fariyādī hai kis kī shoḳhi-e-tahrīr kā
kāġhzī hai pairahan har paikar-e-tasvīr kā","Famously opaque opening of the Diwan. Alludes to the Persian custom of petitioners wearing paper robes before a ruler: every figure in the picture wears paper, complaining against the playful pen of its maker. Needs annotation; a bare literal version is meaningless.",E,naqsh: impression/mark; fariyādī: complaining/lamenting; shoḳhi-e-tahrīr: playfulness of writing/script; kāġhzī: paper-like/made of paper; pairahan: garment/dress; paikar-e-tasvīr: the form/body of a portrait.,"Whose playful writing is this complaining impression?
The garment of every pictured form is paper.","Whose whimsical script is this lamenting trace?
The raiment of every portrait is but paper.","- naqsh fariyādī: Ghalib personifies the 'mark' or 'impression' of the writing, suggesting that the art itself is crying out, expressing a pain that the artist might not be able to voice directly.
- shoḳhi-e-tahrīr: There is a deliberate irony here between 'shoḳhi' (playfulness/whim) and 'fariyādī' (lamenting). It suggests that the act of creation is a playful game, yet the result is a profound expression of sorrow.
- paikar-e-tasvīr: By using 'paikar' (a physical body or statue-like form) to describe a 'tasvīr' (a 2D picture), Ghalib treats the image as a living entity with a physical presence.
- kāġhzī pairahan: This is a classic Ghalibian observation on transience. The 'garment' of a portrait is the paper it is drawn on. It serves as a metaphor for the fragility of existence: the beauty of the 'form' is real, but its physical manifestation is flimsy and temporary.
- The couplet explores the duality between the eternal essence of the artist's emotion (the 'crying' mark) and the ephemeral nature of the medium (the paper).","The specific weight of the Persianate vocabulary (naqsh, pairahan, paikar) creates a formal, courtly elegance that is difficult to replicate in English without sounding overly archaic. Additionally, the nuance of 'shoḳhi'—which implies a lighthearted prank or a divine whim—is slightly flattened in translation.",,,,,
b06,mirza-ghalib,"نقش فریادی ہے کس کی شوخیٔ تحریر کا
کاغذی ہے پیرہن ہر پیکر تصویر کا","naqsh fariyādī hai kis kī shoḳhi-e-tahrīr kā
kāġhzī hai pairahan har paikar-e-tasvīr kā","Famously opaque opening of the Diwan. Alludes to the Persian custom of petitioners wearing paper robes before a ruler: every figure in the picture wears paper, complaining against the playful pen of its maker. Needs annotation; a bare literal version is meaningless.",F,naqsh: image/imprint/design; fariyadi: complainant/plaintiff; shokhi: mischief/playfulness/audacity; tahrir: writing/calligraphy/drawing; kaghzi: papery/made of paper; pairahan: garment/clothing; paikar: form/figure/body; tasvir: picture/portrait,"The image is a complainant of whose playful writing?
Every figure of the picture has a garment of paper.","The image pleads: whose mischievous hand drew me so?
For every form in this portrait wears a shroud of paper.","- Tahrir: Ghalib uses 'writing' to refer to the act of painting/drawing, blurring the line between the calligrapher and the artist.
- Fariyadi: This is a legal term for a plaintiff. The image is not just sad, but is formally lodging a complaint against its creator for the limitation of its existence.
- Shokhi: This word captures a blend of brilliance, playfulness, and a certain cruel irony. The artist's 'play' is the subject's 'prison'.
- Kaghzi pairahan: A masterful metaphor. The 'clothing' of the figure is the very paper it is drawn on. This suggests that the figure's entire being is fragile, two-dimensional, and artificial.","The rhythmic flow of the 'Behr' (meter) and the specific Urdu nuance of 'shokhi', which implies a sophisticated, flirtatious kind of mischief that is difficult to capture in a single English adjective.",,,,,
b06,mirza-ghalib,"نقش فریادی ہے کس کی شوخیٔ تحریر کا
کاغذی ہے پیرہن ہر پیکر تصویر کا","naqsh fariyādī hai kis kī shoḳhi-e-tahrīr kā
kāġhzī hai pairahan har paikar-e-tasvīr kā","Famously opaque opening of the Diwan. Alludes to the Persian custom of petitioners wearing paper robes before a ruler: every figure in the picture wears paper, complaining against the playful pen of its maker. Needs annotation; a bare literal version is meaningless.",G,The mark of a lover is in every line he writes; The dress of every portrait is made of paper.,It's the mark of a lover that his every piece of writing bears it; The dress of each portrait is made of paper.,"In every poem, a lover leaves his mark; Each portrait's dress is made of paper.","- The 'mark' or 'trace' (naqsh) refers to the lover's presence in the poetry. 'Love' is a common theme in ghazal poetry and Ghalib often uses it as a metaphor for the human condition, which is why he says that every piece of writing bears this mark. The 'dress' (pairahan) refers to the clothes worn by the subjects in the portraits; here, it means 'image' or 'representation', as they are all made of paper. Ghalib uses wordplay with the words 'showing off' (shoqi), 'writing' (tahrir), and 'dress' (pairahan) to create a sense of irony and playfulness in his poetry.",,,,,,
b06,mirza-ghalib,"نقش فریادی ہے کس کی شوخیٔ تحریر کا
کاغذی ہے پیرہن ہر پیکر تصویر کا","naqsh fariyādī hai kis kī shoḳhi-e-tahrīr kā
kāġhzī hai pairahan har paikar-e-tasvīr kā","Famously opaque opening of the Diwan. Alludes to the Persian custom of petitioners wearing paper robes before a ruler: every figure in the picture wears paper, complaining against the playful pen of its maker. Needs annotation; a bare literal version is meaningless.",H,"نقش (naqsh): design, figure, portrait, imprint | فریادی (fariyādi): of a cry, of a lament | شوخی (shoḳhi): liveliness, playfulness, animated grace | تحریر (tahrīr): writing, penmanship, the act of inscribing | کاغذی (kāġhzī): of paper, made of paper | پیرہن (pairahan): garment, dress | پیکر (paikar): figure, form, body | تصویر (tasvīr): picture, portrait, image","This design is a cry of whose liveliness of writing?
The garment of every figure of a picture is of paper.","This figure is a cry—of whose liveliness of hand?
Every figure in a picture wears a garment of paper.","- The central wordplay is between شوخی (liveliness, animated grace) and فریاد (cry, lament): the apparent liveliness of the portrait is actually a lament. The grace we perceive is a cry of the dead medium.
- کاغذی (of paper) is the devastating reveal. The garment (پیرہن) of every figure is paper—meaning the figures are essentially naked, clothed only in the flat, insubstantial medium. There is no flesh, no life, no real garment—just paper.
- The couplet functions as question (line 1) and answer (line 2). The question asks whose liveliness this is; the answer implies it is a cry, because the only garment is paper. The liveliness is an illusion—a cry of the dead.
- In Sufi reading: the 'picture' becomes the created world, the 'paper' the illusion of existence (māyā). The figures (souls) are clothed only in illusion; the world's apparent liveliness is a cry of the trapped soul.
- پیکر (paikar) in ghazal convention often refers to the beloved's form, adding the layer that the beloved is reduced to a paper image—naked, clothed only in the medium of representation.","The interrogative کس (whose) carries a searching, almost desperate quality in Urdu that English 'whose' flattens. The Persianate compound شوخیٔ تحریر fuses the grace of the hand with the act of inscription in a single elegant unit that English can only approximate. کاغذی in Urdu carries connotations of thinness, cheapness, and ephemerality beyond what 'of paper' conveys in English. The sonic architecture of the couplet—the long vowels, the consonant clusters, the musicality of the Persianate vocabulary—has no English equivalent. The word نقش functions simultaneously as 'design' (artistic creation) and 'imprint' (a trace left behind, a mark of absence), a duality that 'figure' cannot hold.",,,,,
b07,mirza-ghalib,"کوئی امید بر نہیں آتی
کوئی صورت نظر نہیں آتی","koī ummīd bar nahīñ aatī
koī sūrat nazar nahīñ aatī",'bar aana' = to be fulfilled. 'sūrat' = face and also way out or form: no face appears / no way appears. Flag the double sense.,A,koī: any / some; ummīd: hope; bar: upon / at (often implying 'return' in this context); nahīñ aatī: does not come / does not arise; sūrat: face / form / appearance; nazar: sight / vision / view,"No hope arises
No face is seen","No hope takes flight
No face comes to light","- Sūrat: A central trope in Urdu/Persian poetry. It refers to the 'form' of the beloved. In a Sufi context, it refers to the manifestation of the Divine, which the seeker struggles to perceive in a state of spiritual void.
- Ummīd bar: The word 'bar' (upon/at) suggests a state of being 'at' a point of hope that never arrives. It can also be a contraction of 'ummīd-e-bar' (hope of return), emphasizing a cycle of waiting that remains unfulfilled.
- Parallelism: The repetition of 'nahīñ aatī' (does not come) creates a rhythmic sense of stagnation. The verb 'aatī' (to come) implies a movement toward the beloved or the Divine; its negation signifies a complete blockage of that spiritual or emotional journey.
- Minimalism: Ghalib uses very few words to convey a vast sense of desolation. The 'nothingness' is the subject of the poem.","The Urdu 'aatī' is an active verb of motion (coming), whereas 'is seen' in English is passive. The Urdu implies a movement that is being denied, rather than just a static lack of vision. Additionally, the specific nuance of 'bar' as a spatial/temporal anchor of 'upon' is difficult to capture without over-explaining.",,,,,
b07,mirza-ghalib,"کوئی امید بر نہیں آتی
کوئی صورت نظر نہیں آتی","koī ummīd bar nahīñ aatī
koī sūrat nazar nahīñ aatī",'bar aana' = to be fulfilled. 'sūrat' = face and also way out or form: no face appears / no way appears. Flag the double sense.,B,koī: any; ummīd: hope; bar āna: to be fulfilled/materialize; sūrat: face/form/way/solution; nazar āna: to be visible/appear,"No hope comes to fruition,
No way/face appears to the eye.","No hope ever comes to fruition,
No way out, no face, in my vision.","- 'Bar āna' is a Persian idiom meaning for a hope or wish to be realized or to materialize.
- 'Sūrat' is a polysemous word: it means the 'face' of the beloved, but also a 'way,' 'method,' or 'solution' to a problem. Ghalib uses this to conflate the longing for the beloved with the longing for an end to his misery.
- The repetition of 'koī... nahīñ aatī' (the radif) creates a rhythmic sense of stagnation and absolute despair, mirroring the poet's feeling of being trapped.","The precise ambiguity of 'sūrat' (face vs. solution) cannot be rendered in a single English word without sacrificing one of the meanings. Additionally, the musicality of the Urdu radif 'nahīñ aatī' provides a haunting, repetitive closure to each line that is difficult to replicate in English.",,,,,
b07,mirza-ghalib,"کوئی امید بر نہیں آتی
کوئی صورت نظر نہیں آتی","koī ummīd bar nahīñ aatī
koī sūrat nazar nahīñ aatī",'bar aana' = to be fulfilled. 'sūrat' = face and also way out or form: no face appears / no way appears. Flag the double sense.,C,"koī = any, some; ummīd = hope; bar = upon (Persian preposition); nahīñ = not; aatī = comes (feminine); sūrat = form, face, prospect, appearance; nazar = sight, view; nazar aana = to come into view (idiom)","No hope comes upon [me]
No form/prospect comes into sight","No hope stirs, no face appears","- sūrat (صورت) carries a double meaning central to the ghazal: it is both the beloved's face/countenance and a favourable prospect or outcome. The poet is simultaneously saying 'I see no sign of the beloved' and 'I see no prospect of relief.' English 'face' captures the beloved but loses the 'prospect' sense; 'form' or 'shape' would be more neutral but less evocative.
- nazar aana (نظر آنا) is a fixed idiom meaning 'to come into view' or 'to become visible,' carrying a slight sense of something that was expected to be seen but is not. It is more specific than a bare 'appear.'
- bar (بر) is a Persian preposition meaning 'upon, over.' Ummīd bar aana implies hope rising up upon the speaker from outside — an external force that fails to arrive. This gives the despair a passive, almost victimised quality.
- The parallelism koī … koī … (any … any …) enacts total absence — not the absence of one particular hope or face, but of all of them, every possibility exhausted.
- Both ummīd and sūrat are feminine nouns in Urdu, so the verb aatī (feminine form of 'to come') agrees with both, creating a subtle grammatical unity between the two lines.","The double meaning of sūrat (beloved's face + favourable prospect) cannot be fully preserved in a single English word. The Persian preposition bar, which frames hope as something that should descend upon the speaker from without, is reduced to a simple intransitive verb. The idiom nazar aana, with its connotation of something expected to be seen, is flattened into 'appears.' The feminine verb agreement that binds the two lines into a single grammatical unit has no English equivalent.",,,,,
b07,mirza-ghalib,"کوئی امید بر نہیں آتی
کوئی صورت نظر نہیں آتی","koī ummīd bar nahīñ aatī
koī sūrat nazar nahīñ aatī",'bar aana' = to be fulfilled. 'sūrat' = face and also way out or form: no face appears / no way appears. Flag the double sense.,D,No hope is coming; no face is visible.,There is no hope in sight; there is no appearance of a face.,"Hopelessness and invisibility, / No face to be seen or hope to be found.","- The wordplay is on the repetition of 'nēhīñ' ('is not') with different meanings. 'Koī sūrat nazar nēhīñ aatī' means 'No appearance of a face', which is an allusion to the lover's invisibility; and 'koī ummīd bar nēhīñ aatī' means 'No hope in sight', which reflects the lover's pessimism. The Sufi double meaning is that there is no appearance of God, nor any hope of His coming.",,,,,,
b07,mirza-ghalib,"کوئی امید بر نہیں آتی
کوئی صورت نظر نہیں آتی","koī ummīd bar nahīñ aatī
koī sūrat nazar nahīñ aatī",'bar aana' = to be fulfilled. 'sūrat' = face and also way out or form: no face appears / no way appears. Flag the double sense.,E,No hope comes; no face appears.,No hope comes; no face appears.,Hope does not come; no visage appears.,- The poet expresses a feeling of loneliness and longing.,,,,,,
b07,mirza-ghalib,"کوئی امید بر نہیں آتی
کوئی صورت نظر نہیں آتی","koī ummīd bar nahīñ aatī
koī sūrat nazar nahīñ aatī",'bar aana' = to be fulfilled. 'sūrat' = face and also way out or form: no face appears / no way appears. Flag the double sense.,F,koī: any; ummīd: hope; bar: upon/forth; nahīñ aatī: does not come; sūrat: face/form/way/solution; nazar nahīñ aatī: is not visible/does not appear,"No hope comes upon [me]
No face/form is visible","No hope comes to my aid,
No face appears to my gaze.","- Sūrat: This is the central pun of the couplet. In the ghazal tradition, it refers to the 'face' or 'form' of the beloved (the object of desire), but it also carries the meaning of a 'way out' or a 'solution' (as in the phrase 'sūrat-e-haal'). The poet is expressing a dual despair: he cannot see the beloved, and he cannot see a way to resolve his suffering.
- Ummīd: While literally 'hope,' in a Sufi context, hope can be seen as a lingering attachment to the possibility of worldly or even spiritual union, which prevents total annihilation (fana). Its absence signifies a state of absolute, hollow desolation.
- Bar: Used here to complete the meter, it implies that no hope is 'arriving' or 'manifesting' to the poet's current state.",The semantic density of 'sūrat' is lost in English; a single English word cannot simultaneously evoke the visual beauty of a beloved's face and the logical possibility of a solution to a problem.,,,,,
b07,mirza-ghalib,"کوئی امید بر نہیں آتی
کوئی صورت نظر نہیں آتی","koī ummīd bar nahīñ aatī
koī sūrat nazar nahīñ aatī",'bar aana' = to be fulfilled. 'sūrat' = face and also way out or form: no face appears / no way appears. Flag the double sense.,G,"koī: some; ummīd: hope; bar: comes; sūrat: form, appearance; nazar: comes into view",Some hope does not come; Some form does not come into view,No solace comes; No face appears,"- The use of koī (some) before ummīd (hope) and sūrat (form) creates a sense of ambiguity and uncertainty, typical of Ghalib's style. The wordplay on nazar (comes into view) is also significant, as it can imply both physical appearance and spiritual insight.","The nuances of the original Urdu, particularly the way the couplet creates a sense of longing and yearning, are difficult to convey in translation.",,,,,
b07,mirza-ghalib,"کوئی امید بر نہیں آتی
کوئی صورت نظر نہیں آتی","koī ummīd bar nahīñ aatī
koī sūrat nazar nahīñ aatī",'bar aana' = to be fulfilled. 'sūrat' = face and also way out or form: no face appears / no way appears. Flag the double sense.,H,"koī: any/some (with negative: no); ummīd: hope, expectation; bar nahīñ aatī: does not come to pass / is not fulfilled (idiom bar ānā); koī sūrat: any face, form, appearance, also any way/means; nazar nahīñ aatī: is not visible, does not appear to sight.","No hope comes to fulfillment;
No face/form/way appears to sight.","No hope bears fruit,
No face appears to view.","- The idiom bar ānā means to come to pass, succeed, or be fulfilled; I render it as 'bears fruit' to keep the sense of fruition.
- sūrat carries multiple meanings: face, countenance, form, appearance, and also way or means. The line can suggest both the beloved's absence and the lack of any solution.
- The repeated koī with negatives gives an absolute sweep: not a single hope, not a single face or way.
- nazar ānā means 'to become visible,' so the speaker is not merely failing to see; nothing presents itself to sight.","The English cannot carry the double sense of sūrat as both 'face' and 'way/means,' nor the idiomatic compactness and rhyme of bar ānā and nazar ānā ending in ātī.",,,,,
b08,mirza-ghalib,"ریختے کے تمہیں استاد نہیں ہو غالبؔ
کہتے ہیں اگلے زمانے میں کوئی میرؔ بھی تھا","reḳhte ke tumhīñ ustād nahīñ ho 'ġhālib'
kahte haiñ agle zamāne meñ koī 'mīr' bhī thā",'Rekhta' is the old name for Urdu poetry; 'Mīr' is Mir Taqi Mir. Ghalib names himself and concedes an earlier master. Both names and the literary-history context need explaining.,A,reḳhte: the classical Urdu language; tumhīñ: you; ustād: master/teacher; nahīñ ho: are not; ġhālib: [the poet's pen name]; kahte haiñ: they say; agle zamāne meñ: in the previous era; koī: someone/a certain; mīr: [allusion to Mir Taqi Mir]; bhī thā: also was,"You are not the master of Rekhta, O Ghalib,
They say in the previous era, there was also a Mir.","You are no master of Rekhta, Ghalib, they say,
For in an earlier age, a Mir held sway.","- Rekhta refers to the classical form of the Urdu language, emphasizing the poet's command over its specific linguistic texture.
- Mir is a profound allusion to Mir Taqi Mir, the undisputed 'God of Poetry' (Khuda-e-Sukhan) and the greatest master of the Urdu ghazal.
- The couplet employs 'tazmeen' or a conversational irony where Ghalib adopts a self-deprecating tone to pay homage to his predecessor.
- The wordplay lies in the juxtaposition of the two giants: by acknowledging Mir's supremacy, Ghalib subtly places himself in the same breath as the greatest, creating a dialogue across time.
- Ghalib's pen name, 'Ghalib' (meaning dominant/overpowering), creates a subtle tension with the humble claim that he is not the master.","The English cannot fully capture the reverent weight the name 'Mir' carries in the Urdu-speaking world, nor the specific aesthetic nuance of 'Rekhta' which implies a certain elegance and 'scattered' beauty of language that 'Urdu' alone does not convey.",,,,,
b08,mirza-ghalib,"ریختے کے تمہیں استاد نہیں ہو غالبؔ
کہتے ہیں اگلے زمانے میں کوئی میرؔ بھی تھا","reḳhte ke tumhīñ ustād nahīñ ho 'ġhālib'
kahte haiñ agle zamāne meñ koī 'mīr' bhī thā",'Rekhta' is the old name for Urdu poetry; 'Mīr' is Mir Taqi Mir. Ghalib names himself and concedes an earlier master. Both names and the literary-history context need explaining.,B,Rekhta: the Persianized Urdu literary tradition; tumhīñ: you (emphatic); ustād: master/teacher; nahīñ ho: are not; Ghalib: the poet's pen name; kahte haiñ: they say; agle zamāne meñ: in the next era/time to come; koī: someone/a; Mīr: reference to Mir Taqi Mir; bhī thā: also was.,"You are not the master of Rekhta, O Ghalib,
They say in the next era, there was also a Mir.","You are no master of Rekhta, Ghalib, it is true,
For they say in the ages to come, there lived a Mir too.","- Rekhta refers to the literary language of the time, which was a blend of Persian and local dialects; by using this word, Ghalib situates his mastery within a specific high-culture tradition.
- The mention of 'Mir' is a direct allusion to Mir Taqi Mir, the legendary poet of the previous generation. Ghalib was famously obsessed with Mir's legacy, often seeking to surpass him while acknowledging his supremacy.
- The couplet employs a 'humble-brag' or a paradoxical irony. By claiming he is not the master because a 'Mir' existed, Ghalib is both showing extreme humility and asserting his own place in the lineage of greatness.
- The phrase 'next era' (agle zamāne) suggests that even in the future, the standard of poetry will be measured against Mir, implying that Ghalib's own work is part of that eternal conversation.","The specific cultural weight of the 'Mir vs. Ghalib' rivalry is difficult to convey; in Urdu, the name 'Mir' carries a weight of 'pathos' (soz) that 'Mir' alone cannot fully communicate in English. The emphatic 'tumhīñ' also adds a layer of self-mockery that is slightly softened in translation.",,,,,
b08,mirza-ghalib,"ریختے کے تمہیں استاد نہیں ہو غالبؔ
کہتے ہیں اگلے زمانے میں کوئی میرؔ بھی تھا","reḳhte ke tumhīñ ustād nahīñ ho 'ġhālib'
kahte haiñ agle zamāne meñ koī 'mīr' bhī thā",'Rekhta' is the old name for Urdu poetry; 'Mīr' is Mir Taqi Mir. Ghalib names himself and concedes an earlier master. Both names and the literary-history context need explaining.,C,"You are not a teacher of poetry, Ghalib; they say there was also a Mīr in another age","You are not a teacher of poetry, Ghalib; they say that there was also a Mīr in the next age","You are no master of words, Ghalib; they say there was once a Mīr too","- reḳhte: 'composed' (from Persian رَختہ), used as a noun to mean 'poem', 'verse' or 'couplet'. غالب is the pen name of Asadullah Khan, which means 'Ghalib' in Urdu. میر is the pen name of Mīr Taqī Mīr, which means 'Mīr' in Persian. zamān: 'age' (from Arabic زمان), used here to mean 'generation', 'era' or 'period'. کوئی: 'somebody' (from Arabic کَوئی) is a very common word in Urdu poetry, used as a substitute for the name of an anonymous person, and sometimes also as a polite way of saying 'you'.",,,,,,
b08,mirza-ghalib,"ریختے کے تمہیں استاد نہیں ہو غالبؔ
کہتے ہیں اگلے زمانے میں کوئی میرؔ بھی تھا","reḳhte ke tumhīñ ustād nahīñ ho 'ġhālib'
kahte haiñ agle zamāne meñ koī 'mīr' bhī thā",'Rekhta' is the old name for Urdu poetry; 'Mīr' is Mir Taqi Mir. Ghalib names himself and concedes an earlier master. Both names and the literary-history context need explaining.,D,Rekhte: early name for Urdu (lit. 'mixed/poured'); Ustād: master/expert; Ghalib: poet's pen name (lit. 'dominant'); agle zamāne: previous era/time; Mir: reference to Mir Taqi Mir (lit. 'chief/leader'),"You are not the [only] master of Rekhte, Ghalib,
They say that in the previous era, there was also a Mir.","You are not the sole master of this art, Ghalib,
They say in days gone by, there lived a Mir as well.","- The poet uses 'Rekhte' to refer to the Urdu language, emphasizing its nature as a hybrid of Persian and local dialects.
- There is a sophisticated play on the pen names: 'Ghalib' means 'dominant' or 'victorious', while 'Mir' means 'chief' or 'leader'. By acknowledging Mir, Ghalib ironically challenges his own 'dominance'.
- The tone is one of 'shaguftagi' (playfulness/wit). Ghalib is not genuinely humble; he is engaging in a literary dialogue with his predecessor, Mir Taqi Mir, acknowledging him to elevate the conversation.
- The phrase 'agle zamāne' literally means 'the next time' but idiomatically refers to the 'previous era' in this context.","The internal tension between the meanings of the names Ghalib (Dominant) and Mir (Chief) is lost in English, as is the specific historical weight of the rivalry and mutual respect between these two giants of Urdu poetry.",,,,,
b08,mirza-ghalib,"ریختے کے تمہیں استاد نہیں ہو غالبؔ
کہتے ہیں اگلے زمانے میں کوئی میرؔ بھی تھا","reḳhte ke tumhīñ ustād nahīñ ho 'ġhālib'
kahte haiñ agle zamāne meñ koī 'mīr' bhī thā",'Rekhta' is the old name for Urdu poetry; 'Mīr' is Mir Taqi Mir. Ghalib names himself and concedes an earlier master. Both names and the literary-history context need explaining.,E,"reḳhte ke = of Rekhta (the old name for Urdu poetry); tumhīñ = you alone/only you; ustād = master/expert; nahīñ ho = are not; 'ġhālib' = Ghalib (pen name, also means 'dominant/victor'); kahte haiñ = they say; agle zamāne meñ = in the former age/earlier time; koī = someone/some; 'mīr' = Mir (Mir Taqi Mir, the great predecessor poet; also means 'leader/chief'); bhī = also/even; thā = was","Of Rekhta, you alone are not the master, Ghalib—
They say in the earlier age there was also someone called Mir.","You are not the only master of Rekhta, Ghalib—
They say in times gone by there was also one Mir.","- Rekhta is the older term for Urdu poetry, specifically the mixed Persian-Urdu poetic idiom; using it signals the classical tradition Ghalib is being measured against.
- The pen name 'Ghalib' means 'dominant' or 'victor' — the couplet ironically undercuts the boast implicit in the name by reminding him of a predecessor.
- Mir Taqi Mir (1723–1810) was the great Urdu ghazal poet of the previous generation, often called 'Khuda-e Sukhan' (God of Poetry). Ghalib himself acknowledged Mir's greatness.
- The word 'mīr' also means 'leader' or 'chief', so the line works doubly: there was a poet named Mir, and there was a 'chief' of poetry before you.
- The address to himself in the third person using his pen name is a standard ghazal convention (takhallus), here used for self-irony rather than self-praise.
- The tone is wry and self-deprecating on the surface, but it also asserts Ghalib's own standing by placing him in direct comparison with Mir — only a true master could be addressed this way.","The double meaning of 'mīr' as both a proper name and a title of rank ('chief/leader') cannot be carried into English. The resonance of 'Rekhta' as the old name for Urdu poetry, with its historical and cultural weight, is flattened in translation. The pen name 'Ghalib' meaning 'victor' creates an irony that English readers miss. The cultural shorthand of invoking Mir — for Urdu readers, the equivalent of saying 'there was also a Shakespeare' — requires explanation rather than landing instantly.",,,,,
b08,mirza-ghalib,"ریختے کے تمہیں استاد نہیں ہو غالبؔ
کہتے ہیں اگلے زمانے میں کوئی میرؔ بھی تھا","reḳhte ke tumhīñ ustād nahīñ ho 'ġhālib'
kahte haiñ agle zamāne meñ koī 'mīr' bhī thā",'Rekhta' is the old name for Urdu poetry; 'Mīr' is Mir Taqi Mir. Ghalib names himself and concedes an earlier master. Both names and the literary-history context need explaining.,F,"You are not my teacher in this matter, Ghalib. They say there was a Mir too in those times","You're not my master in this, Ghalib; they said that in later days there was also a Mir","I'm no expert on your style, Ghalib: they claim the future will see another 'Mir' like me","- The poet is saying he's not an expert in the style of his contemporary, Mir. The wordplay here involves using the same verb ('rekhna') for writing poetry and drawing lines; it also plays on the similarity between their names (Ghalib and Mir).",,,,,,
b08,mirza-ghalib,"ریختے کے تمہیں استاد نہیں ہو غالبؔ
کہتے ہیں اگلے زمانے میں کوئی میرؔ بھی تھا","reḳhte ke tumhīñ ustād nahīñ ho 'ġhālib'
kahte haiñ agle zamāne meñ koī 'mīr' bhī thā",'Rekhta' is the old name for Urdu poetry; 'Mīr' is Mir Taqi Mir. Ghalib names himself and concedes an earlier master. Both names and the literary-history context need explaining.,G,"reḳhte ke = in the act of writing / when composing; tumhīñ = you (emphatic, self-directed); ustād = master, teacher; nahīñ ho = are not; 'ġhālib = Ghalib (pen name, radif); kahte haiñ = they say; agle zamāne meñ = in former times / ages past; koī = someone, a certain; 'mīr' = Mir (pen name of Mir Taqi Mir); bhī = also, even (dismissive); thā = there was (past tense, imperfective)","When writing, you are not a master, O Ghalib
They say in former times there was also a Mir","No master of the pen am I, Ghalib —
they say there was a Mir, once, in ages past.","- The couplet is a masterwork of feigned humility concealing supreme arrogance. Ghalib claims not to be a master of composition, then casually dismisses Mir Taqi Mir — one of the greatest Urdu poets — as merely a historical curiosity from 'former times.'
- 'bhī' (also/even) is the critical word: it reduces Mir to just one more name in a long list, as if he were unremarkable. The English 'once' and the comma placement attempt to carry this dismissive shrug.
- The second-person self-address (tumhīñ) is a distinctive feature of Urdu poetry where the poet speaks to himself as 'you.' English poetry rarely does this; I shifted to first person for naturalness, losing the self-distancing effect.
- The parallel structure of the two pen names (Ghalib / Mir) at the end of each line creates a deliberate symmetry: the two giants of Urdu poetry named side by side, with Ghalib clearly positioning himself above.
- 'agle zamāne' (former times) creates temporal distance that diminishes Mir, placing him in a bygone era while Ghalib occupies the present.
- The irony is structural: the very couplet that claims 'I am no master' is itself a masterwork, making the denial self-undermining — a classic Ghalib move where the form contradicts the content.","The second-person self-address (tumhīñ) and its effect of self-distancing; the precise dismissive weight of 'bhī' which in Urdu carries a tone of 'as if he mattered'; the cultural specificity of naming Mir Taqi Mir — for a Urdu-speaking reader this is the equivalent of saying 'there was also Shakespeare' with a shrug, and no English name carries the same weight in the ghazal canon; the radif structure that binds the two pen names as formal parallels; and the layered irony that the couplet's own excellence refutes its stated claim of incompetence.",,,,,
b08,mirza-ghalib,"ریختے کے تمہیں استاد نہیں ہو غالبؔ
کہتے ہیں اگلے زمانے میں کوئی میرؔ بھی تھا","reḳhte ke tumhīñ ustād nahīñ ho 'ġhālib'
kahte haiñ agle zamāne meñ koī 'mīr' bhī thā",'Rekhta' is the old name for Urdu poetry; 'Mīr' is Mir Taqi Mir. Ghalib names himself and concedes an earlier master. Both names and the literary-history context need explaining.,H,riḳhte: forms; ke: of; tumhīñ: you; ustād: master; nahīñ: not; ho: are; kahte: saying; agle: next; zamāne: time; meñ: in; koī: some; mīr: Mir (a poet's pen name); bhī: also; thā: was,Forms of you are not a master Ghālib. They say in the next time some Mir also was.,"Your forms are not a master, Ghālib. They claim that in the next age, even Mir was.","- The wordplay here is on the multiple meanings of 'riḳhte' (forms, shapes, styles) and 'ustād' (master). Ghalib is saying that his forms, his style, is not a master, implying that he is not a great poet. The second line is a commentary on the fleeting nature of poetic fame, with 'agle zamāne' (next time) and 'koī mīr' (some Mir) being a reference to the poet Mir Taqi Mir, who was a contemporary of Ghalib's. The phrase 'bhī thā' (also was) is a Sufi idiom, implying that even the great Mir was not immune to the passage of time.","The nuance of the Sufi idiom 'bhī thā' and the play on the word 'ustād' are difficult to convey in English, and the wordplay on 'riḳhte' is somewhat lost in translation.",,,,,
b09,mirza-ghalib,"بسکہ دشوار ہے ہر کام کا آساں ہونا
آدمی کو بھی میسر نہیں انساں ہونا","bas-ki dushvār hai har kaam kā āsāñ honā
aadmī ko bhī mayassar nahīñ insāñ honā",'aadmī' (a human being) vs 'insāñ' (a humane person): even a man can't easily be human. English 'man/human' tends to collapse the distinction. 'bas-ki' is archaic for 'so much so'.,A,"bas-ki: so much so / it is such that; dushvār: difficult/arduous; āsāñ: easy; aadmī: man/human (biological entity); mayassar: attainable/available/granted; insāñ: human (in the sense of possessing humanity, virtue, or spiritual nobility)","So difficult it is for every task to be easy,
Even for a man, it is not attainable to be human.","So arduous is the art of making every burden light,
That even man finds it hard to reach the height of humanity.","- The crux of the couplet lies in the distinction between 'aadmī' and 'insāñ'. While both translate to 'human' or 'man' in English, Ghalib uses 'aadmī' to denote the biological species (the physical being) and 'insāñ' to denote the ideal of humanity (the moral, spiritual, and ethical perfection).
- The first line establishes a philosophical paradox: the 'difficulty of ease.' This sets the stage for the second line, suggesting that the most difficult 'task' of all is the transition from being a biological human to a virtuous one.
- The word 'mayassar' implies not just availability, but something granted or made possible, often suggesting a divine or circumstantial allowance.",The linguistic elegance of using two words for 'human' that are synonyms in common parlance but opposites in a philosophical context. English lacks a natural pair of words that distinguish biological humanity from ethical humanity without adding adjectives.,,,,,
b09,mirza-ghalib,"بسکہ دشوار ہے ہر کام کا آساں ہونا
آدمی کو بھی میسر نہیں انساں ہونا","bas-ki dushvār hai har kaam kā āsāñ honā
aadmī ko bhī mayassar nahīñ insāñ honā",'aadmī' (a human being) vs 'insāñ' (a humane person): even a man can't easily be human. English 'man/human' tends to collapse the distinction. 'bas-ki' is archaic for 'so much so'.,B,"bas-ki: to such an extent / so much so that; dushvār: difficult; har kaam kā āsāñ honā: the becoming easy of every task; aadmī: man, human being (literally 'son of Adam'); ko bhī: even for; mayassar nahīñ: not attainable/available; insāñ honā: becoming human / attaining true humanity","So difficult is the becoming easy of every task
Even for man, becoming human is not attainable","So hard is it for any task to become easy—
even a man cannot attain to being truly human.","- The central wordplay is aadmī versus insāñ: both can mean 'man/human,' but aadmī suggests the ordinary biological or social human (literally 'son of Adam'), while insāñ carries moral and Sufi overtones of true, perfected humanity.
- The first line's paradox—difficulty of ease—sets up the second line's paradox: a human failing to become truly human.
- bas-ki works as an intensifier meaning 'to such an extent that,' making the second line a consequence of the first.
- mayassar implies something granted or made available, not merely possible by effort, which suits the spiritual register.
- The verbal noun honā can mean 'being' or 'becoming'; I use 'becoming' to emphasize the movement from aadmī to insāñ.",English cannot fully reproduce the aadmī/insāñ distinction with two equally common words; 'man' versus 'truly human' is a partial solution but loses the compact moral-spiritual weight of insāñ. The Persianate noun phrase 'har kaam kā āsāñ honā' also becomes more abstract or wordy in English.,,,,,
b09,mirza-ghalib,"بسکہ دشوار ہے ہر کام کا آساں ہونا
آدمی کو بھی میسر نہیں انساں ہونا","bas-ki dushvār hai har kaam kā āsāñ honā
aadmī ko bhī mayassar nahīñ insāñ honā",'aadmī' (a human being) vs 'insāñ' (a humane person): even a man can't easily be human. English 'man/human' tends to collapse the distinction. 'bas-ki' is archaic for 'so much so'.,C,bas-ki: emphatic particle; dushvār: difficult; āsāñ: easy; mayassar: possible; insāñ: human,It is difficult for every task to be easy. It is not possible for a human to be easy.,"Each task is a burden, and to be easy is a distant dream. A human cannot be effortless.","- The wordplay here is on the double meaning of āsāñ, which can mean both 'easy' and 'a state of being carefree'. Ghalib is highlighting the impossibility of being effortless in a world where every task is a burden.","The nuance of the original couplet, which is a commentary on the human condition and the futility of seeking ease in a world of difficulties, is somewhat lost in translation.",,,,,
b09,mirza-ghalib,"بسکہ دشوار ہے ہر کام کا آساں ہونا
آدمی کو بھی میسر نہیں انساں ہونا","bas-ki dushvār hai har kaam kā āsāñ honā
aadmī ko bhī mayassar nahīñ insāñ honā",'aadmī' (a human being) vs 'insāñ' (a humane person): even a man can't easily be human. English 'man/human' tends to collapse the distinction. 'bas-ki' is archaic for 'so much so'.,D,bas-ki: because; dushvār: difficult; har kaam: every task; āsāñ honā: to be easy; aadmī: man (the biological/physical entity); mayassar: attainable/possible; insāñ: human (the moral/spiritual ideal of humanity).,"Because it is difficult for every task to be easy,
Even for a man, it is not possible to be a human.","Since ease is a rarity for every endeavor,
Even a man finds it hard to be truly human.","- The crux of the couplet is the semantic distinction between 'aadmī' and 'insāñ'. In Urdu/Persian thought, 'aadmī' refers to the biological species (man), while 'insāñ' refers to the perfected human being who possesses true empathy, morality, and spiritual awareness.
- Ghalib employs a logical syllogism: if the simplest tasks in life are inherently difficult, then the most profound task—the attainment of true humanity—must be nearly impossible.
- The word 'mayassar' carries a sense of being 'granted' or 'made available,' suggesting that true humanity is not just a matter of effort, but a state of grace or a rare existential achievement.","The profound ontological gap between 'aadmī' and 'insāñ' is difficult to preserve in English, where 'man' and 'human' are often used interchangeably. In the original, the distinction is a sharp, philosophical divide; in English, it can risk sounding like a mere play on synonyms.",,,,,
b09,mirza-ghalib,"بسکہ دشوار ہے ہر کام کا آساں ہونا
آدمی کو بھی میسر نہیں انساں ہونا","bas-ki dushvār hai har kaam kā āsāñ honā
aadmī ko bhī mayassar nahīñ insāñ honā",'aadmī' (a human being) vs 'insāñ' (a humane person): even a man can't easily be human. English 'man/human' tends to collapse the distinction. 'bas-ki' is archaic for 'so much so'.,E,bas-ki: it is that / the fact is; dushvār: difficult / arduous; kaam: task / deed / work; āsāñ: easy / simple; ādmī: human (biological/physical being); mayassar: attainable / accessible / possible; insāñ: human (moral/spiritual/civilized being).,"It is difficult for every task to become easy
Even for a human, it is not possible to become a human.","How hard it is for any deed to find its ease,
Even for a man, to be truly human is a feat.","- The central conceit of the sher lies in the distinction between 'Aadmī' and 'Insāñ'. In Urdu/Persian, 'Aadmī' refers to the biological species (Homo sapiens), while 'Insāñ' refers to the moral, ethical, and spiritual qualities of humanity. Ghalib is arguing that while one is born a biological human, one must strive to earn the status of a 'human' in the spiritual sense.
- The word 'mayassar' implies that humanity is not a birthright but a rare attainment or a commodity that is not easily accessible.
- The structure of the second line mirrors the first: the first line establishes a general truth about the difficulty of tasks, and the second line applies that truth to the ultimate task of character building.
- The use of 'bas-ki' is a Persianate construction that adds a tone of philosophical assertion.","English lacks a distinct pair of words to mirror the Aadmī/Insāñ dichotomy. In English, 'human' covers both the biological and the moral, making the poet's specific wordplay on 'becoming' what one already 'is' difficult to convey without lengthy explanation.",,,,,
b09,mirza-ghalib,"بسکہ دشوار ہے ہر کام کا آساں ہونا
آدمی کو بھی میسر نہیں انساں ہونا","bas-ki dushvār hai har kaam kā āsāñ honā
aadmī ko bhī mayassar nahīñ insāñ honā",'aadmī' (a human being) vs 'insāñ' (a humane person): even a man can't easily be human. English 'man/human' tends to collapse the distinction. 'bas-ki' is archaic for 'so much so'.,F,It's hard to be hopeful about every task; it's not within reach for a person to be human,Hope is difficult. To be human is beyond the reach of man.,"To hope in all things, that's too much to ask.
To be human? Impossible task!
You cannot be both, my friend; you must choose one or other end.","- The word 'dushvār' means 'difficult', but it can also mean 'hopeful' (i.e., 'to hope in all things').

The phrase 'aadmī ko bhi mayassar nahi' means 'it's not within reach for a person to be human'. 'Mayassar' is the opposite of 'mumkin', which means 'possible' or 'within reach'.

The word 'ansa' means 'hopeful' and 'asaan' means 'easy' or 'simple' (i.e., 'to hope in all things').

The word 'insaan' means 'human being' but it is also the name of a Sufi order, which is why Ghalib uses it here. 'Insaan' can also mean 'kind-hearted', 'good-natured' or 'sympathetic' (i.e., 'to be human').

The word 'adam' means 'man' but it is also the name of a Sufi order, which is why Ghalib uses it here. 'Adam' can also mean 'a person' or 'a human being' (i.e., 'a man')",,,,,,
b09,mirza-ghalib,"بسکہ دشوار ہے ہر کام کا آساں ہونا
آدمی کو بھی میسر نہیں انساں ہونا","bas-ki dushvār hai har kaam kā āsāñ honā
aadmī ko bhī mayassar nahīñ insāñ honā",'aadmī' (a human being) vs 'insāñ' (a humane person): even a man can't easily be human. English 'man/human' tends to collapse the distinction. 'bas-ki' is archaic for 'so much so'.,G,It is hard for everyone to be happy; it's not possible for even a human being to be godlike,"Only because every task is difficult to perform, / It is not possible for a person to become divine",The struggle of existence makes us all fallible / Even gods must fail in their attempts at blissful life,"- 'ہر کام کا' means 'every task'; 'انساں' refers to the godlike or divine state; 'آدمی کو بھی میسر نہیں' literally translates as 'it is not possible for even a person', but it can be interpreted as 'even gods must fail'. The English translation maintains this sense of failure and fallibility, in contrast with the literal meaning which emphasizes the difficulty of achieving happiness",,,,,,
b09,mirza-ghalib,"بسکہ دشوار ہے ہر کام کا آساں ہونا
آدمی کو بھی میسر نہیں انساں ہونا","bas-ki dushvār hai har kaam kā āsāñ honā
aadmī ko bhī mayassar nahīñ insāñ honā",'aadmī' (a human being) vs 'insāñ' (a humane person): even a man can't easily be human. English 'man/human' tends to collapse the distinction. 'bas-ki' is archaic for 'so much so'.,H,"bas-ki: how! / alas! (exclamatory particle of lament); dushvār: difficult, hard; har kaam: every task, every affair; āsāñ honā: to be easy; aadmī: a human being (biological sense), a man; bhī: even; mayassar nahīñ: not possible, not attainable; insāñ honā: to be a true human (moral sense), to possess humanity","How difficult it is for every task to be easy
Even to a man it is not possible to be a human","How hard it is for any task to find its ease—
even a man cannot manage to be human.","- Central wordplay: aadmī (آدمی) and insāñ (انساں) both mean 'human' but carry different registers. Aadmī is the bare biological fact — the creature. Insāñ carries the full moral weight of humanity: compassion, decency, adab, ihsān. In English, 'man' vs. 'human' approximates this split: 'man' is the animal, 'human' is the moral ideal.
- بسکہ (bas-ki) is an exclamatory particle expressing a blend of wonder, lament, and resignation. Rendered as 'How' to carry the emotional register, though it is less specific.
- The couplet's logic is paradoxical: the first line generalises about the difficulty of tasks, the second delivers the devastating specific — that the most fundamental 'task' of all, being truly human, is the one no one can accomplish.
- The deflation from the general (har kaam) to the specific (insāñ honā) mirrors the ghazal's movement from the conventional to the personal, though here it is philosophical rather than amatory.","The near-identical phonetics of aadmī/insāñ in Urdu — two words that sound almost the same yet carry a world of moral difference — cannot be replicated in English, where 'man' and 'human' are phonetically distinct. The Sufi-moral connotations of insāñ (the highest station of human being, linked to ihsān and adab) are only partially carried by the English word 'human.' The specific emotional texture of bas-ki — a sigh that is at once wonder and resignation — has no exact English equivalent.",,,,,
b10,mirza-ghalib,"ان کے دیکھے سے جو آ جاتی ہے منہ پر رونق
وہ سمجھتے ہیں کہ بیمار کا حال اچھا ہے","un ke dekhe se jo aa jaatī hai muñh par raunaq
vo samajhte haiñ ki bīmār kā haal achchhā hai","Seeing the beloved brings colour to the lover's face, so she thinks the sick man is well. Keep the bittersweet misreading.",A,"un ke dekhe se — from their seeing/looking; jo — that which; aa jaati hai — comes; munh par — on the face; raunaq — glow, brightness, colour; vo — they; samajhte hain — think, suppose; ki — that; bimar — the sick one/lover; ka haal — condition, state; achchha hai — is good/well","From their seeing, the glow that comes over the face —
they think that the sick one's condition is good.","The colour that their looking brings into my face
they take for the sick man's improving state.","- raunaq means lustre, bloom, or radiance; in the ghazal world the beloved's presence gives the lover's face a false, excited colour.
- The irony is that the beloved reads the lover's flush as recovery, though it is caused only by the beloved's visit—presence, not cure.
- un ke dekhe se can mean 'from their seeing him' or 'from his seeing them'; the translation has to choose one while the Urdu holds both.
- bimar is the stock love-sick lover; his illness is longing, and looking healthy may make the beloved feel free to leave.","The double syntax of dekhe se, the full range of raunaq as both facial colour and worldly radiance, and the ghazal's conventional identity of the sick one as the lover whose only cure is the beloved.",,,,,
b10,mirza-ghalib,"ان کے دیکھے سے جو آ جاتی ہے منہ پر رونق
وہ سمجھتے ہیں کہ بیمار کا حال اچھا ہے","un ke dekhe se jo aa jaatī hai muñh par raunaq
vo samajhte haiñ ki bīmār kā haal achchhā hai","Seeing the beloved brings colour to the lover's face, so she thinks the sick man is well. Keep the bittersweet misreading.",B,What they see is a beauty that comes to their faces,"Those who are seen by them get a smile on their faces
They think that the sick person's condition is good.","What they see / Is a beauty that comes to their faces
They think that the sick person’s condition is good","- The speaker describes those who have been seen by the lover, and how they respond. The lover feels that his lover's smile makes them beautiful; it is an illusion. Ghalib uses the word 'bīmār' which means both 'sick' and 'lover', so that the lover can be considered sick for love of the other person. 'Achh' is a sound used to express pleasure, and the lover feels that their lover's smile makes them feel good.",,,,,,
b10,mirza-ghalib,"ان کے دیکھے سے جو آ جاتی ہے منہ پر رونق
وہ سمجھتے ہیں کہ بیمار کا حال اچھا ہے","un ke dekhe se jo aa jaatī hai muñh par raunaq
vo samajhte haiñ ki bīmār kā haal achchhā hai","Seeing the beloved brings colour to the lover's face, so she thinks the sick man is well. Keep the bittersweet misreading.",C,un ke dekhe se (from the sight of them/the beloved); jo aa jaatī hai (that which comes/appears); muñh par (on the face); raunaq (radiance/glow/bloom); vo samajhte haiñ (they/he/she think/assume); bīmār (the sick person/patient); haal (condition/state); achchhā hai (is good),"The radiance that comes upon the face from their sight,
They think that the patient's condition is good.","The glow that graces my face at the sight of them,
Leads them to believe the sufferer is well.","- The word 'raunaq' (radiance/bloom) is a crucial double entendre: it refers to the spiritual/emotional glow of seeing the Beloved, but also to the physical flush of a feverish face.
- The 'bīmār' (sick person) is a classical trope in the ghazal, representing the lover whose 'ailment' is the madness of love.
- The irony of the couplet lies in the misinterpretation: the very symptom of the lover's intense, feverish passion is mistaken by the Beloved for a sign of physical health and recovery.
- The use of 'un' (them/their) is the formal/honorific plural used to refer to the Beloved, maintaining a sense of distance and reverence.","The English cannot fully capture the specific semantic overlap of 'raunaq,' which bridges the gap between aesthetic beauty, lively vitality, and the physiological flush of a fever.",,,,,
b10,mirza-ghalib,"ان کے دیکھے سے جو آ جاتی ہے منہ پر رونق
وہ سمجھتے ہیں کہ بیمار کا حال اچھا ہے","un ke dekhe se jo aa jaatī hai muñh par raunaq
vo samajhte haiñ ki bīmār kā haal achchhā hai","Seeing the beloved brings colour to the lover's face, so she thinks the sick man is well. Keep the bittersweet misreading.",D,"un ke dekhe se: from seeing them (the beloved); raunaq: radiance, glow, animation; muñh par: on the face; vo: they (the observers/the public); samajhte haiñ: they think/assume; bīmār: the sick person (metaphor for the lover); haal: condition/state; achchhā: good.","The radiance that comes upon the face from seeing them,
They think that the sick person's condition is good.","The glow that lights my face at the sight of them,
Makes others think the patient is well.","- The 'sick person' (bīmār) is a classic Sufi and Ghazal trope representing the lover (āshiq) who is 'afflicted' by the disease of love (ishq).
- The 'radiance' (raunaq) is the central irony: it is a physical symptom of the lover's intense emotional state, but to an outsider, it looks like a sign of recovery.
- Ghalib plays on the gap between internal experience and external perception. The 'glow' is not a sign of health, but a flare-up of the 'sickness' of longing.
- The use of 'un' (them) refers to the beloved, whose mere presence triggers a physiological reaction in the lover.",The specific cultural nuance of 'raunaq'—which implies a certain animation or 'life' returning to a face—and the precise irony of the 'uninitiated' public misinterpreting a peak of spiritual/romantic agony as a moment of physical wellness.,,,,,
b10,mirza-ghalib,"ان کے دیکھے سے جو آ جاتی ہے منہ پر رونق
وہ سمجھتے ہیں کہ بیمار کا حال اچھا ہے","un ke dekhe se jo aa jaatī hai muñh par raunaq
vo samajhte haiñ ki bīmār kā haal achchhā hai","Seeing the beloved brings colour to the lover's face, so she thinks the sick man is well. Keep the bittersweet misreading.",E,"un ke dekhe se = at their seeing / upon their gaze; jo aa jaati hai = that which comes / appears; munh par = on the face; raunaq = brightness, glow, radiance, flush; vo samajhte hain = they understand / they take it to mean; ki = that; bimaar = the patient / the sick one; ka haal = the condition / the state; achchha hai = is good / is fine",The brightness that comes upon the face at their seeing— / they understand that the patient's condition is good.,The flush that rises to the face at their mere sight— / they take it for a sign the patient's mending.,"- The couplet is a masterful piece of Ghalib's characteristic irony and understatement. The 'brightness' (raunaq) on the face is not a sign of health at all—it is the involuntary flush of desire or agitation that comes at the beloved's sight. The observers, however, misread it as a clinical improvement.
- The word 'bimaar' (patient/sick one) is deeply ambiguous: it can refer to the lover as a patient of love-sickness (ishq), a central trope in the ghazal tradition where the lover is perpetually ill with longing. The 'observers' (vo) are the casual onlookers who cannot distinguish between a physical symptom and an emotional one.
- The irony operates on two levels: the beloved's gaze is so powerful it produces a visible physical reaction (the flush), yet the people around misinterpret the cause. The lover's 'illness' is love itself, and the flush is a symptom of that illness worsening, not improving.
- The word 'raunaq' carries connotations of both natural light and inner radiance, making it a perfect word for the involuntary glow of desire.
- The couplet also subtly critiques the gap between appearance and reality—a recurring Ghalib theme—where surface signs are misread by those who lack the lover's interior knowledge.","The Urdu 'raunaq' carries a specific luminous, almost golden quality that no single English word fully captures; 'flush' is closer to the physical mechanism but loses the radiance. The word 'bimaar' in the ghazal tradition always carries the double sense of 'sick with love' without needing to say so explicitly—English requires the reader to supply that context. The syntactic structure of the Urdu, where the cause (their seeing) is embedded in a relative clause that delays the revelation of what is being seen, creates a subtle suspense that English linear syntax flattens. The pen name (takhallus) is absent here as this is not the maqta.",,,,,
b10,mirza-ghalib,"ان کے دیکھے سے جو آ جاتی ہے منہ پر رونق
وہ سمجھتے ہیں کہ بیمار کا حال اچھا ہے","un ke dekhe se jo aa jaatī hai muñh par raunaq
vo samajhte haiñ ki bīmār kā haal achchhā hai","Seeing the beloved brings colour to the lover's face, so she thinks the sick man is well. Keep the bittersweet misreading.",F,From their glance comes a beauty to the face; they think that the sick person's condition is good,"From those seen, what comes to the face with radiance / Those consider the state of the ill one as good","Beauty from their glances, a radiant face / They believe the sick have it better than others","- The Urdu phrase 'ان کے دیکھے سے جو آ جاتی ہے منہ پر رونق' refers to the beauty that comes to someone's face when they see a person of great beauty. The English translation needs to capture this idea, so it is translated as 'From their glance comes a beauty to the face.' In the second line, the Urdu phrase 'وہ سمجھتے ہیں کہ بیمار کا حال اچھا ہے' refers to people thinking that someone who is sick has it better than others. The English translation captures this idea by saying 'they think that the sick person's condition is good.'",,,,,,
b10,mirza-ghalib,"ان کے دیکھے سے جو آ جاتی ہے منہ پر رونق
وہ سمجھتے ہیں کہ بیمار کا حال اچھا ہے","un ke dekhe se jo aa jaatī hai muñh par raunaq
vo samajhte haiñ ki bīmār kā haal achchhā hai","Seeing the beloved brings colour to the lover's face, so she thinks the sick man is well. Keep the bittersweet misreading.",G,an kē dekhe se: by their presence; jo aa jaatī hai: what comes; muñh par raunaq: a smile on the face; vo samajhte haiñ: they think; bīmār kā haal: the state of being ill; achchhā hai: is good,"By their presence, what comes is a smile on the face. They think the state of being ill is good.","Their presence brings a smile to the face, but they think being ill is a blessing.","- The word 'raunaq' can also mean 'a blessing' or 'a favor', which is a common double meaning in Urdu poetry. Ghalib is playing with the idea that the speaker's presence is a blessing, but the listener thinks being ill is a good thing, highlighting the contrast between their perceptions.","The nuances of the Urdu word 'bīmār' which carries a sense of 'being away from the beloved' or 'estrangement', which is a common theme in Sufi poetry.",,,,,
b10,mirza-ghalib,"ان کے دیکھے سے جو آ جاتی ہے منہ پر رونق
وہ سمجھتے ہیں کہ بیمار کا حال اچھا ہے","un ke dekhe se jo aa jaatī hai muñh par raunaq
vo samajhte haiñ ki bīmār kā haal achchhā hai","Seeing the beloved brings colour to the lover's face, so she thinks the sick man is well. Keep the bittersweet misreading.",H,un ke dekhe se: upon seeing them; aa jaati hai: appears/comes; munh par: on the face; raunaq: glow/luster/bloom; vo samajhte hain: they assume/think; bimaar: the sick one (the lover); haal: state/condition; achchha: good/well,"Because of seeing them, a glow appears on the face;
They assume that the condition of the sick person is good.","The glow that lights my face the moment they appear,
Makes them believe the sick man's recovery is near.","- The 'bimaar' (sick person) is a stock symbol in the ghazal tradition representing the lover, whose 'illness' is the longing and agony caused by love.
- The irony lies in the misinterpretation: the beloved sees the momentary flush of joy (raunaq) caused by their presence and mistakes it for a sign of health, unaware that they are the very cause of the lover's sickness.
- The use of 'un' (plural/respectful) maintains the distance and dignity of the beloved, a common trope in Ghalib's poetry.","The specific rhythmic cadence (beher) of the Urdu verse and the subtle tension between the word 'raunaq' (which implies a festive brightness) and 'bimaar' (which implies pallor), creating a visual contrast that is more visceral in Urdu.",,,,,
b11,mirza-ghalib,"بازیچۂ اطفال ہے دنیا مرے آگے
ہوتا ہے شب و روز تماشا مرے آگے","bāzīcha-e-atfāl hai duniyā mire aage
hotā hai shab-o-roz tamāshā mire aage","'bāzīcha-e-atfāl' = a children's playground. The world is a spectacle staged before me night and day. Tone: detached and lofty, not dismissive.",A,bāzīcha-e-atfāl: children's play/playground; duniyā: world; mire aage: before me/in my presence; shab-o-roz: night and day/constantly; tamāshā: spectacle/show/drama,"The world is a children's play before me,
Night and day, a spectacle takes place before me.","The world is but a children's game before my eyes,
A ceaseless drama unfolds before my eyes.","- Bāzīcha-e-atfāl: A classic Persianate trope used to describe the triviality and transience of worldly affairs. It suggests that what humans take seriously is, from a higher perspective, merely a playground.
- Tamāshā: This word carries a double meaning of a literal 'show' and the metaphorical 'drama of existence.' It positions the poet as a detached observer (a common Sufi theme) watching the play of life without being entangled in it.
- Repetition of 'mire aage': The repetition of 'before me' serves as a structural anchor, emphasizing the poet's unique vantage point as a spectator of the universe.
- Sufi undertone: The couplet reflects the concept of 'Maya' or the illusory nature of the material world, where the 'play' of the world is contrasted against the reality of the spiritual realm.","The specific rhythmic weight of the Persianate 'bāzīcha' and the perfect symmetry of the repeated 'mire aage' which creates a sense of static, meditative observation in the original Urdu.",,,,,
b11,mirza-ghalib,"بازیچۂ اطفال ہے دنیا مرے آگے
ہوتا ہے شب و روز تماشا مرے آگے","bāzīcha-e-atfāl hai duniyā mire aage
hotā hai shab-o-roz tamāshā mire aage","'bāzīcha-e-atfāl' = a children's playground. The world is a spectacle staged before me night and day. Tone: detached and lofty, not dismissive.",B,"bāzīcha-e-atfāl: a playground for children; duniyā: the world; mire aage: before me; shab-o-roz: day and night; tamāshā: spectacle, show",The playground of children is the world before me. A spectacle of day and night is presented before me.,"In the world's playground, I am the spectator, watching the endless spectacle of day and night.","- The wordplay here is on the idea of a 'playground' (bāzīcha) being a place of carefree joy, but also a place where children are often seen playing, implying a world in a state of innocence and wonder. The phrase 'before me' (mire aage) is a common Sufi trope, implying a sense of detachment and observation. The 'spectacle of day and night' is a reference to the constant cycle of life, which is presented as a show or performance for the poet's benefit.","The nuances of the original Urdu, particularly the way the words and phrases evoke a sense of wonder and awe, are difficult to capture in English.",,,,,
b11,mirza-ghalib,"بازیچۂ اطفال ہے دنیا مرے آگے
ہوتا ہے شب و روز تماشا مرے آگے","bāzīcha-e-atfāl hai duniyā mire aage
hotā hai shab-o-roz tamāshā mire aage","'bāzīcha-e-atfāl' = a children's playground. The world is a spectacle staged before me night and day. Tone: detached and lofty, not dismissive.",C,bāzīcha-e-atfāl = children's playground / plaything; duniyā = the world; mire aage = before me / in my sight / ahead of me; hotā hai = keeps happening / takes place; shab-o-roz = night and day / constantly; tamāshā = spectacle / show / entertainment,"The world is a children's playground before me
Night and day a spectacle keeps happening before me","The world before me is a child's plaything,
A spectacle unceasing spread before me.","- bāzīcha-e-atfāl literally means 'plaything of children' — the earth as a toy or game that children play with, implying its impermanence and triviality from the speaker's elevated perspective.
- mire aage has a double sense: spatial (before my eyes) and temporal (ahead of my life / still to come), and can also carry the Sufi connotation of 'in the presence of my true self or God-consciousness'.
- tamāshā is a key Mughal-era word: it means spectacle, entertainment, show — often used for public performances or curiosities. Here it suggests the world's affairs are a passing show watched with detachment.
- shab-o-roz (night and day) is an idiom for 'constantly / ceaselessly'.
- The repeated 'mire aage' at the end of both lines works as a refrain-like stress, which I kept by ending both English lines with 'before me'.
- Ghalib is not using his pen name (takhallus) in this two-line selection; it is not the closing couplet of the ghazal.","The Persianate resonance of 'bāzīcha' (toy/plaything) as a word for the world's triviality — English 'plaything' captures the sense but not the classical literary weight. 'Tamāshā' has a rich cultural range — spectacle, entertainment, curiosity, mockery — that 'spectacle' only partially conveys. The grammatical compactness of the Urdu, where 'hotā hai' implies ongoing, habitual unfolding of the show, flattens somewhat in English.",,,,,
b11,mirza-ghalib,"بازیچۂ اطفال ہے دنیا مرے آگے
ہوتا ہے شب و روز تماشا مرے آگے","bāzīcha-e-atfāl hai duniyā mire aage
hotā hai shab-o-roz tamāshā mire aage","'bāzīcha-e-atfāl' = a children's playground. The world is a spectacle staged before me night and day. Tone: detached and lofty, not dismissive.",D,It's a playground for children; there is always a show going on.,The world is a playground before me; there is always a show going on before me.,"The world is a playground, and I am the child; there is always a show going on before me.","- The wordplay in 'بازیچہ' (playground) reflects the fact that the world is full of children's games. The phrase 'مرے آگے' means both 'before me' and 'in front of me', which reflects the child's point of view; it also alludes to the famous line in the poem, ",,,,,,
b11,mirza-ghalib,"بازیچۂ اطفال ہے دنیا مرے آگے
ہوتا ہے شب و روز تماشا مرے آگے","bāzīcha-e-atfāl hai duniyā mire aage
hotā hai shab-o-roz tamāshā mire aage","'bāzīcha-e-atfāl' = a children's playground. The world is a spectacle staged before me night and day. Tone: detached and lofty, not dismissive.",E,"bāzīcha: toy, plaything | atfāl: children | duniyā: the world | mire aage: before me, in front of me | shab-o-roz: night and day, day and night | tamāshā: spectacle, show, performance","The world is a children's toy before me
Night and day a spectacle is performed before me","The world is a child's toy before me —
Day and night it puts on its show for me.","- The radif 'mire aage' (before me) anchors both lines and fixes the poet in a detached, almost godlike spectator position — the world moves, he does not.
- 'Bāzīcha-e-atfāl' (children's toy) is a stock Sufi image reducing the world to something trivial and easily dismissed; it also implies the world is small enough to be held in a child's hand.
- 'Tamāshā' carries a double sense: a public spectacle or street performance (mundane, even vulgar) and the Sufi idea of the world as illusion or maya (cosmic). The word is deliberately ambiguous here.
- There is a subtle tension between 'toy' (something you actively play with — the child is in control) and 'spectacle' (something you passively watch — the performer is in control). The world is simultaneously the poet's plaything and his entertainment; he is both player and audience.
- 'Shab-o-roz' (night and day) emphasises the world's ceaseless, futile effort to entertain — it never stops performing, yet remains a toy.
- The dismissive, almost bored tone is characteristic of Ghalib's defiant ego-poetry: the cosmos is reduced to a sideshow.","The structural weight of the radif 'mire aage' repeated at the end of both lines, which in the ghazal form creates a musical and rhetorical hinge; the soft Persian phonetics of 'bāzīcha' and 'tamāshā'; the slight ambiguity of 'aage' (physically before me / ahead of me in rank or importance); and the specifically Urdu cultural resonance of 'tamāshā' as a word that evokes street performers, public fairs, and theatrical display — a register that sits between the high and the low in a way English 'show' or 'spectacle' cannot fully replicate.",,,,,
b11,mirza-ghalib,"بازیچۂ اطفال ہے دنیا مرے آگے
ہوتا ہے شب و روز تماشا مرے آگے","bāzīcha-e-atfāl hai duniyā mire aage
hotā hai shab-o-roz tamāshā mire aage","'bāzīcha-e-atfāl' = a children's playground. The world is a spectacle staged before me night and day. Tone: detached and lofty, not dismissive.",F,The world is a child's plaything before me. A spectacle takes place night and day before me.,The toy of children is the world in front of me. There is a show every night and day in front of me.,"Before me, the world is but a child's plaything; Night and day, a spectacle takes place before me.",- bāzīcha-e-atfāl hai duniyā mire aage: The world is like a toy for children. It is not to be taken seriously.,,,,,,
b11,mirza-ghalib,"بازیچۂ اطفال ہے دنیا مرے آگے
ہوتا ہے شب و روز تماشا مرے آگے","bāzīcha-e-atfāl hai duniyā mire aage
hotā hai shab-o-roz tamāshā mire aage","'bāzīcha-e-atfāl' = a children's playground. The world is a spectacle staged before me night and day. Tone: detached and lofty, not dismissive.",G,bāzīcha-e-atfāl: children's playground/game; duniyā: world; mire aage: before me/in my view; hotā hai: happens/occurs; shab-o-roz: night and day; tamāshā: spectacle/show/amusement,"The world is a children's playground before me
A spectacle happens night and day before me","The world is but a children's game before my eyes,
A ceaseless spectacle unfolds, night and day, before me.","- bāzīcha-e-atfāl: A Persian construction used here to diminish the gravity of existence, suggesting the world lacks true substance or consequence.
- tamāshā: This term implies a theatrical performance or a passing amusement, reinforcing the idea that worldly events are merely an illusion or a fleeting show.
- The Spectator Motif: The repetition of 'mire aage' (before me) establishes the poet's persona as a detached observer. This reflects a Sufi-inflected philosophical stance where the individual has transcended worldly attachments to view existence from a distance.
- The duality of 'shab-o-roz' (night and day) emphasizes the relentless, cyclical, and ultimately futile nature of the worldly drama.","The specific rhythmic elegance of the Persianate 'izafat' (the linking vowel in bāzīcha-e-atfāl) and the compact, percussive weight of the Urdu meter cannot be fully replicated in English. The subtle ambiguity of 'aage'—which implies both physical sight and a state of intellectual/spiritual perception—is somewhat flattened in translation.",,,,,
b11,mirza-ghalib,"بازیچۂ اطفال ہے دنیا مرے آگے
ہوتا ہے شب و روز تماشا مرے آگے","bāzīcha-e-atfāl hai duniyā mire aage
hotā hai shab-o-roz tamāshā mire aage","'bāzīcha-e-atfāl' = a children's playground. The world is a spectacle staged before me night and day. Tone: detached and lofty, not dismissive.",H,bāzīcha-e-atfāl: children's playground/child's play; duniyā: world; mire aage: before me/in my sight; hotā hai: happens/takes place; shab-o-roz: night and day/constantly; tamāshā: spectacle/show/farce,"The world is a children's playground before me,
A spectacle takes place night and day before me.","The world is but a child's plaything in my sight,
A ceaseless pageant, day and night, in my sight.","- The phrase 'bāzīcha-e-atfāl' reduces the complexities of human existence, politics, and suffering to a trivial game, reflecting a state of detached cynicism or Sufi transcendence.
- The word 'tamāshā' carries a double meaning: it can be a wondrous spectacle or a ridiculous farce. Given Ghalib's typical irony, it suggests the world is a theatrical performance of no real consequence.
- The repetition of 'mire aage' (before me) acts as the radif, centering the poet as the sole, detached observer of this cosmic play.",The rhythmic drive of the radif ('mire aage') and the concise elegance of the Persian izafat construction ('bāzīcha-e-atfāl') which blends the concept of 'play' and 'childhood' into a single fluid image.,,,,,
b12,mirza-ghalib,"ہیں اور بھی دنیا میں سخن ور بہت اچھے
کہتے ہیں کہ غالبؔ کا ہے انداز بیاں اور","haiñ aur bhī duniyā meñ suḳhan-var bahut achchhe
kahte haiñ ki 'ġhālib' kā hai andāz-e-bayāñ aur",The repeated end word 'aur' means 'other/different': Ghalib's style of expression is something else. A boast that works through that final word.,A,"sukhan-var: masters of speech/poets; andāz-e-bayāñ: style of expression/manner of narration; aur: more, other, different, or extraordinary","There are many other very good poets in the world
They say that Ghalib's style of expression is different","Many other fine poets the world may hold,
Yet they say Ghalib's style is something more.","- The word 'aur' (more/other/different) serves as a semantic pivot. In the first line, it is a quantifier meaning 'other' or 'additional' poets; in the second line, it shifts to a qualitative descriptor meaning 'different' or 'extraordinary'.
- The use of 'kahte haiñ' (they say) is a rhetorical device of 'indirect boasting.' By attributing the praise to 'them,' Ghalib maintains a veneer of poetic modesty while asserting his supreme uniqueness.
- Andāz-e-bayāñ is a technical term in Urdu poetics referring to the distinct rhetorical voice or 'manner' that separates a master from a mere practitioner.
- The couplet is a classic example of Ghalib's 'self-praise' (faqr), which is characterized by intellectual wit rather than mere vanity.",The linguistic economy of using the exact same word 'aur' to perform two different grammatical and semantic functions (quantifier vs. superlative) is nearly impossible to replicate in English without losing the simplicity of the original meter.,,,,,
b12,mirza-ghalib,"ہیں اور بھی دنیا میں سخن ور بہت اچھے
کہتے ہیں کہ غالبؔ کا ہے انداز بیاں اور","haiñ aur bhī duniyā meñ suḳhan-var bahut achchhe
kahte haiñ ki 'ġhālib' kā hai andāz-e-bayāñ aur",The repeated end word 'aur' means 'other/different': Ghalib's style of expression is something else. A boast that works through that final word.,B,"suḳhan-var: eloquent, skilled in speech or poetry; bahut achchhe: very good, excellent; andāz-e-bayāñ: style or manner of expression; aur: 'and' (conjunction), 'other/different' (adjective), 'more' (adverb) — the polysemous pivot of the couplet; Ghalib: the poet's pen name (takhallus)","There are also in the world many very good eloquent ones
They say that Ghalib's style of expression is 'aur' (other)","The world holds many eloquent tongues besides
They say Ghalib's manner of speech is… other.","- The word 'aur' (اور) is the entire engine of the couplet. In line 1, 'aur bhī' functions as the conjunction 'also / and also.' In line 2, the same word at the line's end shifts to the adjective 'other / different,' the adverb 'more,' or even retains its conjunction sense, leaving the sentence deliberately unfinished — as if Ghalib's style resists being spoken of in a complete sentence. This triple (or quadruple) ambiguity is the couplet's central wordplay.
- The use of the pen name (takhallus) 'Ghalib' in the second line is standard ghazal convention, but here it creates a deliberate third-person irony: the poet speaks of himself as an object of others' commentary, lending the boast a veneer of modesty.
- The couplet operates as both boast and self-deprecation simultaneously: he concedes that others are 'very good' while asserting his own incommensurability through the ambiguous 'aur.'
- In the poetic rendering I chose 'other' with an ellipsis to hint at the trailing, unfinished quality of the conjunction sense, though no single English word can carry all three meanings at once.","The triple semantic shift of 'aur' (conjunction 'and/also' → adjective 'other/different' → adverb 'more' → conjunction trailing into silence) cannot be replicated by a single English word. The ellipsis in the poetic line gestures toward the unfinished-conjunction reading but cannot make the reader simultaneously hear all three meanings. The slight tonal irony of the third-person self-reference is also somewhat flattened in English, where 'They say Ghalib's…' reads more naturally as reported speech than as self-irony.",,,,,
b12,mirza-ghalib,"ہیں اور بھی دنیا میں سخن ور بہت اچھے
کہتے ہیں کہ غالبؔ کا ہے انداز بیاں اور","haiñ aur bhī duniyā meñ suḳhan-var bahut achchhe
kahte haiñ ki 'ġhālib' kā hai andāz-e-bayāñ aur",The repeated end word 'aur' means 'other/different': Ghalib's style of expression is something else. A boast that works through that final word.,C,suḳhan-var: poets/wordsmiths; andāz-e-bayāñ: style of expression/narration; aur: different/unique/distinct; achchhe: good/excellent,"There are also many good poets in the world,
It is said that Ghalib's style of expression is different.","The world is teeming with many poets of great skill,
Yet it is said that Ghalib's mode of expression is unique.","- The couplet is a classic example of Ghalib's 'humble-brag'—a common trope in the ghazal where the poet acknowledges the greatness of others before asserting his own unique genius.
- The word 'aur' at the end is a masterclass in Urdu nuance. While it literally means 'more' or 'else,' in the context of 'andaz' (style), it functions as 'different' or 'distinct.' It suggests that while others are good, Ghalib's style is of a different category entirely.
- The use of 'suḳhan-var' (Persian origin) evokes a lineage of literary mastery, contrasting the 'world' (duniyā) with the specific craft of the word.
- Ghalib's 'andāz-e-bayāñ' refers to his revolutionary, often dense and complex linguistic style that challenged the traditional conventions of Urdu poetry.",The specific rhythmic weight of the Urdu meter (behr) and the subtle linguistic 'flavor' of the word 'aur' which carries a sense of 'something else entirely' that is difficult to capture in a single English adjective.,,,,,
b12,mirza-ghalib,"ہیں اور بھی دنیا میں سخن ور بہت اچھے
کہتے ہیں کہ غالبؔ کا ہے انداز بیاں اور","haiñ aur bhī duniyā meñ suḳhan-var bahut achchhe
kahte haiñ ki 'ġhālib' kā hai andāz-e-bayāñ aur",The repeated end word 'aur' means 'other/different': Ghalib's style of expression is something else. A boast that works through that final word.,D,There are many great speakers in this world too. They say Ghalib has a unique style as well.,"There are also very good talkers in the world, they say that 'Ghālib' has the style of both sides and","The world offers more than just fine orators. It's said Ghālib possesses a distinctive flair too.

(And) (It is) said that Ghalib has the style of both sides, and",- 'duniyā meñ suḳhan-var bahut achchhe': there are many great speakers in this world too; 'kahte haiñ': they say; 'ki': that; 'ġhālib': Ghalib; 'kā': his; 'hai andāz-e-bayāñ aur': has a unique style as well,,,,,,
b12,mirza-ghalib,"ہیں اور بھی دنیا میں سخن ور بہت اچھے
کہتے ہیں کہ غالبؔ کا ہے انداز بیاں اور","haiñ aur bhī duniyā meñ suḳhan-var bahut achchhe
kahte haiñ ki 'ġhālib' kā hai andāz-e-bayāñ aur",The repeated end word 'aur' means 'other/different': Ghalib's style of expression is something else. A boast that works through that final word.,E,haiñ = are; aur = and; bhī = also; duniyā = world; meñ = in; suḳhan-var = skilled in speech; bahut = very; achchhe = good; kahte haiñ = they say; andāz-e-bayāñ = manner of elegance; aur = and,There are and also in the world skilled speakers of very good speech. They say that Ghalib's manner is elegant and also,"In the world, there are many skilled orators. They claim that Ghalib's style is refined, and so is his","- The wordplay on 'sukhan-var' (skilled in speech) and 'sukhan' (poetry) is preserved in the poetic translation. The phrase 'andaz-e-bayan' is a Sufi concept, but here it's used to describe Ghalib's style. The double meaning of 'aur' (and) is also maintained, implying both Ghalib's style and his presence in the world of poetry.","The nuances of the original couplet, including the speaker's tone and the implied contrast between Ghalib's style and that of others, are difficult to convey in English.",,,,,
b12,mirza-ghalib,"ہیں اور بھی دنیا میں سخن ور بہت اچھے
کہتے ہیں کہ غالبؔ کا ہے انداز بیاں اور","haiñ aur bhī duniyā meñ suḳhan-var bahut achchhe
kahte haiñ ki 'ġhālib' kā hai andāz-e-bayāñ aur",The repeated end word 'aur' means 'other/different': Ghalib's style of expression is something else. A boast that works through that final word.,F,There are many fine wordsmiths in this world too,Some say Ghalib's is the best style of all,"In a world full of wordsmiths, there are more than a few
Who say that Ghalib's is the very best way to be

(How can you tell? I don't know. Just trust me.)

I am not sure why Ghalib would have said this. 
Perhaps it was just his way of saying 'I am the best'.","- The wordplay is on 'sukhan-var': wordsmith, poet, speaker; and 'bayan': style, mannerism, idiom, speech. The last line reflects Ghalib's self-promotion as a poet.",,,,,,
b12,mirza-ghalib,"ہیں اور بھی دنیا میں سخن ور بہت اچھے
کہتے ہیں کہ غالبؔ کا ہے انداز بیاں اور","haiñ aur bhī duniyā meñ suḳhan-var bahut achchhe
kahte haiñ ki 'ġhālib' kā hai andāz-e-bayāñ aur",The repeated end word 'aur' means 'other/different': Ghalib's style of expression is something else. A boast that works through that final word.,G,haiñ aur bhī = there are also others; duniyā meñ = in the world; suḳhan-var = eloquent speakers / poets; bahut achchhe = very good / excellent; kahte haiñ = they say; ki = that; 'ġhālib' kā = of Ghalib; hai = is; andāz-e-bayāñ = style of expression / manner of speech; aur = different / other / unique,"There are also many other very good poets in the world;
they say that Ghalib's style of expression is different.","The world holds many a fine poet besides —
but Ghalib's voice, they say, is of another kind.","- The pen name 'Ghalib' appears in the second line, as required by the ghazal convention of takhallus (poetic signature) in the maqta (final couplet).
- The word 'aur' (other/different) is the entire punch of the couplet — it is deliberately understated. Ghalib does not say 'better', only 'different', but the implication of uniqueness and superiority is unmistakable. I rendered this as 'of another kind' to preserve the understated boast.
- 'Sukhan-var' literally means 'one who possesses speech/eloquence' — a stock term for poets in the classical tradition. I used 'poet' in the literal and 'fine poet' in the poetic version.
- 'Andāz-e-bayāñ' (style of expression) is a key aesthetic term in Urdu poetics, referring to a poet's distinctive manner or idiom. I kept 'style of expression' in the literal and shifted to 'voice' in the poetic rendering for naturalness.
- The couplet is an ironic self-praise disguised as reported speech ('they say'), a common Ghalibian move — the modesty of the first line sets up the quiet boast of the second.","The full force of 'aur' as a single-word understatement — in Urdu it lands with immense weight precisely because it is so minimal; English needs more words to convey the same implication. Also lost is the cultural resonance of the takhallus 'Ghalib' (meaning 'conqueror' or 'dominant'), which adds a layer of wordplay: the poet named 'Conqueror' conquers through sheer difference of style.",,,,,
b12,mirza-ghalib,"ہیں اور بھی دنیا میں سخن ور بہت اچھے
کہتے ہیں کہ غالبؔ کا ہے انداز بیاں اور","haiñ aur bhī duniyā meñ suḳhan-var bahut achchhe
kahte haiñ ki 'ġhālib' kā hai andāz-e-bayāñ aur",The repeated end word 'aur' means 'other/different': Ghalib's style of expression is something else. A boast that works through that final word.,H,suḳhan-var: eloquent poets/masters of discourse; andāz-e-bayāñ: style of expression/manner of delivery; aur (line 1): others/additional; aur (line 2): different/unique/beyond compare,"There are other poets in the world who are very good,
They say that Ghalib's style of expression is different.","Many a master of the word graces this world with art,
Yet they say Ghalib's voice sets him apart.","- The entire couplet hinges on the word 'aur' (اور). In the first line, it functions as a quantifier meaning 'others' or 'more'. In the second line, it functions as a qualitative adjective meaning 'different', 'unique', or 'something else entirely'.
- Ghalib employs a rhetorical device of 'false humility'; by attributing the praise to others ('they say'), he elevates his own status while appearing to merely report common opinion.
- The term 'suḳhan-var' implies not just a poet, but a craftsman of language, emphasizing that Ghalib is comparing himself to the elite of the literary world.","The structural symmetry and the linguistic punchline created by the repetition of the word 'aur' at the beginning of the first line and the end of the second. In Urdu, the same word provides two distinct meanings that resolve the tension of the couplet; English requires two different words ('other' and 'different'), which breaks the sonic and conceptual mirror effect.",,,,,
b13,mirza-ghalib,"یہ مسائل تصوف یہ ترا بیان غالبؔ
تجھے ہم ولی سمجھتے جو نہ بادہ خوار ہوتا","ye masā.il-e-tasavvuf ye tirā bayān 'ġhālib'
tujhe ham valī samajhte jo na bāda-ḳhvār hotā","Mystical topics, such eloquence: we'd think you a saint (valī) if you weren't a wine-drinker. Leaves open whether the wine is literal or mystical; should not be resolved.",A,masā.il-e-tasavvuf: matters/discussions of Sufism; bayān: discourse/manner of expression; valī: saint/friend of God; bāda-ḳhvār: wine-drinker/one who partakes of wine,"These matters of Sufism, this discourse of yours, Ghalib,
We would have considered you a saint, if you were not a wine-drinker.","These mystical questions, this way of yours, Ghalib—
We’d have deemed you a saint, had you not been a drinker of wine.","- Self-address: Ghalib uses his takhallus (pen name) to address himself, a common technique to create a dialogue between the poet's persona and his reputation.
- The Paradox of the Saint and the Drunkard: The couplet plays on the tension between the 'faqir' (ascetic) and the 'bāda-khvār' (wine-drinker). In Sufi symbolism, wine often represents divine intoxication, but in the eyes of the orthodox, it is a vice that disqualifies one from sainthood.
- Irony: There is a biting irony here; Ghalib suggests that his philosophical/mystical depth is so profound that it mimics the speech of a saint, yet his worldly reputation for drinking prevents him from being recognized as such.
- Valī: This term implies more than just a 'holy man'; it refers to a high-ranking spiritual friend of God, making the contrast with his 'sinful' drinking even sharper.","The specific technical weight of 'tasavvuf' (the formal science of Sufism) is difficult to capture in 'mysticism.' Additionally, the rhythmic meter (behr) of the Urdu original, which provides a certain swagger to his self-mockery, is lost in English translation.",,,,,
b13,mirza-ghalib,"یہ مسائل تصوف یہ ترا بیان غالبؔ
تجھے ہم ولی سمجھتے جو نہ بادہ خوار ہوتا","ye masā.il-e-tasavvuf ye tirā bayān 'ġhālib'
tujhe ham valī samajhte jo na bāda-ḳhvār hotā","Mystical topics, such eloquence: we'd think you a saint (valī) if you weren't a wine-drinker. Leaves open whether the wine is literal or mystical; should not be resolved.",B,masā.il-e-tasavvuf: mysteries/problems of Sufism; bayān: expression/explanation; valī: saint/friend of God; bāda-ḳhvār: wine-drinker/connoisseur of wine,"These mysteries of Sufism, this expression of yours, Ghalib,
We would have considered you a saint, if you were not a wine-drinker.","These mystical mysteries, the way you speak, O Ghalib,
We’d have hailed you a saint, had you not been a wine-drinker.","- The 'Sufi double meaning': In Persian and Urdu poetry, 'wine' (bada) is a standard metaphor for divine love and spiritual intoxication. A Sufi 'drinks' the wine of God.
- The irony of the 'Vali': A 'Vali' is a high-ranking saint. Ghalib is mocking the fact that his vocabulary is so perfectly aligned with mystical devotion that he sounds like a saint.
- The 'Bada-khvar' pivot: Ghalib is making a self-deprecating joke. He is saying that because he drinks *actual* wine (literal intoxication) rather than just *metaphorical* wine (spiritual intoxication), he is disqualified from being seen as a true mystic.
- The critique of hypocrisy: There is a subtle jab at Sufis who use the language of wine to describe God; Ghalib suggests that since he actually drinks, the distinction between their 'spiritual' wine and his 'literal' wine is non-existent.",The specific cultural weight of the word 'Vali' as a formal religious status and the seamless fluidity between 'spiritual wine' and 'literal wine' in the Urdu/Persian literary tradition.,,,,,
b13,mirza-ghalib,"یہ مسائل تصوف یہ ترا بیان غالبؔ
تجھے ہم ولی سمجھتے جو نہ بادہ خوار ہوتا","ye masā.il-e-tasavvuf ye tirā bayān 'ġhālib'
tujhe ham valī samajhte jo na bāda-ḳhvār hotā","Mystical topics, such eloquence: we'd think you a saint (valī) if you weren't a wine-drinker. Leaves open whether the wine is literal or mystical; should not be resolved.",C,"ye: this; masā'il: problems; tasavvuf: Sufism; tirā: your; bayān: explanation; ghālib: (pen name) Ghalib; tujhe: to you; ham: we; valī: saint; bāda-ḳhvār: intoxicated by wine (but also, spiritually intoxicated)","This are the problems of Sufism. This is your explanation, Ghalib. We consider you a saint who does not become intoxicated by wine.","These are the trials of the mystic's path. Your words, Ghalib, reveal the depths of your own spiritual intoxication. We see you as a saint, untouched by worldly desires.","- The wordplay on bāda-ḳhvār is a key aspect of this couplet. In one sense, it refers to being intoxicated by wine, but in the context of Sufism, it also means being spiritually intoxicated by love of the divine. Ghalib's use of this phrase is a nod to the Sufi tradition, while also highlighting the poet's own spiritual state. The phrase 'your explanation' is also significant, as it suggests that Ghalib is not just a poet, but a spiritual guide. The use of the word 'saint' (valī) is also noteworthy, as it implies a level of spiritual authority and wisdom.","The nuances of the Persian vocabulary and the Sufi idiom may not fully translate, but the poetic rendering aims to capture the essence of Ghalib's words.",,,,,
b13,mirza-ghalib,"یہ مسائل تصوف یہ ترا بیان غالبؔ
تجھے ہم ولی سمجھتے جو نہ بادہ خوار ہوتا","ye masā.il-e-tasavvuf ye tirā bayān 'ġhālib'
tujhe ham valī samajhte jo na bāda-ḳhvār hotā","Mystical topics, such eloquence: we'd think you a saint (valī) if you weren't a wine-drinker. Leaves open whether the wine is literal or mystical; should not be resolved.",D,masā.il-e-tasavvuf: complexities/doctrines of Sufism; bayān: discourse/eloquence; valī: saint/friend of God; bāda-ḳhvār: wine-drinker/drunkard,"These complexities of Sufism, this discourse of yours, Ghalib,
We would have considered you a saint, if you were not a wine-drinker.","Such Sufi depths, such eloquence in your speech, Ghalib,
We would have hailed you as a saint, were you not a drunkard.","- The poet uses his takhallus (pen name) 'Ghalib' to address himself, creating a dialogue between the speaker and the persona.
- The tension lies in the contrast between 'tasavvuf' (spiritual mysticism) and 'bāda-ḳhvār' (drinking). In the Sufi tradition, wine is often a metaphor for divine love and spiritual intoxication, but it is also a literal vice in orthodox Islam.
- The irony is that the poet's discourse is so profound that it mimics the wisdom of a 'wali' (saint), yet his outward habit of drinking disqualifies him from the formal title of sainthood in the eyes of the world.
- The word 'masā.il' refers to legal or theological problems/points of discussion, suggesting that Ghalib is not just talking about love, but engaging in complex mystical theology.","The rhythmic meter (beher) and the specific cultural weight of the word 'Wali', which implies a sanctioned, miraculous authority that contrasts sharply with the social stigma of the 'bāda-ḳhvār'.",,,,,
b13,mirza-ghalib,"یہ مسائل تصوف یہ ترا بیان غالبؔ
تجھے ہم ولی سمجھتے جو نہ بادہ خوار ہوتا","ye masā.il-e-tasavvuf ye tirā bayān 'ġhālib'
tujhe ham valī samajhte jo na bāda-ḳhvār hotā","Mystical topics, such eloquence: we'd think you a saint (valī) if you weren't a wine-drinker. Leaves open whether the wine is literal or mystical; should not be resolved.",E,ye masā.il-e-tasavvuf = these questions/problems of Sufism; ye tirā bayān = this exposition/speech of yours; Ghalib = pen name; tujhe ham valī samajhte = we would consider you a saint/friend of God; jo na bāda-khvār hotā = if you were not a wine-drinker,"These problems of Sufism, this exposition of yours, Ghalib—
We would consider you a saint, if you were not a wine-drinker.","These mysteries of the Sufi path, this discourse of yours, Ghalib—
We would have called you a saint, were you not a drinker of wine.","- masā.il-e-tasavvuf literally means 'questions/problems of Sufism,' suggesting intricate mystical doctrine.
- bayān means exposition, statement, or style; here it praises Ghalib's eloquent speech.
- valī is a Sufi saint or 'friend of God,' a high spiritual rank.
- bāda-khvār literally means 'wine-drinker,' but in Sufi ghazal symbolism wine often stands for divine love or mystical intoxication, so the apparent disqualification is also a mystic credential.
- The pen name Ghalib appears in the final-couplet self-address, and the wit lies in the mock condition: his speech sounds saintly, but his wine-drinking withholds sainthood—unless read through Sufi symbolism.","The English cannot carry the simultaneous literal and Sufi sense of bāda-khvār, nor the compact irony of the conditional. The exact resonance of valī as 'friend of God' and the cultural weight of the pen name's self-address are also difficult to reproduce.",,,,,
b13,mirza-ghalib,"یہ مسائل تصوف یہ ترا بیان غالبؔ
تجھے ہم ولی سمجھتے جو نہ بادہ خوار ہوتا","ye masā.il-e-tasavvuf ye tirā bayān 'ġhālib'
tujhe ham valī samajhte jo na bāda-ḳhvār hotā","Mystical topics, such eloquence: we'd think you a saint (valī) if you weren't a wine-drinker. Leaves open whether the wine is literal or mystical; should not be resolved.",F,"These are questions about Sufism; this is your explanation, Ghalib. 
We take you to be a friend of God who does not drink wine.","These are problems in Sufism and this is your statement, Ghalib. 
You we consider a lover of God who does not become a drunkard","These are questions about Sufi practice; this is your reply, O Ghalib. 
We take you to be a friend of God who never gets tipsy","- The 'trivial' question of drinking wine is a metaphor for the more serious matter of getting carried away with sensual pleasures and losing oneself in them. 'Badakhwar' means both 'wine-drinker' and 'tipsy person', so Ghalib is saying that he is not just a lover of God, but one who does not get carried away by his love.",,,,,,
b13,mirza-ghalib,"یہ مسائل تصوف یہ ترا بیان غالبؔ
تجھے ہم ولی سمجھتے جو نہ بادہ خوار ہوتا","ye masā.il-e-tasavvuf ye tirā bayān 'ġhālib'
tujhe ham valī samajhte jo na bāda-ḳhvār hotā","Mystical topics, such eloquence: we'd think you a saint (valī) if you weren't a wine-drinker. Leaves open whether the wine is literal or mystical; should not be resolved.",G,These are the issues of Sufism; this is your explanation Ghalib. We consider you a Wali (saint) who does not drink wine.,"These are the problems of mysticism, and this is your description, Ghalib. You are considered a saint if you do not indulge in intoxication.",Your wisdom unravels the mysteries of Sufism; we see you as a Wali who never touches wine.,"- The 'problems' here refer to the complex and often paradoxical nature of Sufi teachings. Ghalib's description is seen as his unique interpretation, while the second line refers to the fact that he was not known for consuming alcohol or other intoxicants.","The cultural context of classical Urdu poetry, which relies heavily on allusions and wordplay, may be lost in translation.",,,,,
b13,mirza-ghalib,"یہ مسائل تصوف یہ ترا بیان غالبؔ
تجھے ہم ولی سمجھتے جو نہ بادہ خوار ہوتا","ye masā.il-e-tasavvuf ye tirā bayān 'ġhālib'
tujhe ham valī samajhte jo na bāda-ḳhvār hotā","Mystical topics, such eloquence: we'd think you a saint (valī) if you weren't a wine-drinker. Leaves open whether the wine is literal or mystical; should not be resolved.",H,"masā'il = questions, problems, delicate issues; tasavvuf = Sufism, the Sufi path; bayān = discourse, eloquence, expression; valī = saint, one who has attained spiritual proximity to God (a technical Sufi term for the highest station); bāda-khvār = wine-drinker (bāda = wine, khvār = one who consumes); jo…hotā = if…you were (conditional, contrary-to-fact)","These are the questions of Sufism, this is your discourse, O Ghalib— / We would have considered you a saint, had you not been a wine-drinker.","These riddles of the Sufi way, this tongue of yours, O Ghalib— / We'd have called you saint, had you not drunk the wine.","- The central irony: in Sufi poetry, wine (bāda) is the paramount symbol of divine intoxication and the mark of the true lover of God. The speaker's 'objection'—that Ghalib is a wine-drinker—is actually the highest possible confirmation of his sainthood. The couplet praises by appearing to criticize.
- Valī is a technical Sufi term for one who has reached the highest spiritual station (walāya), not merely a generic 'saint.' The English 'saint' flattens this into a Christian connotation.
- The conditional jo…hotā (if…you were) creates a contrary-to-fact structure: the speaker is saying 'you ARE a wine-drinker, and therefore you ARE a saint' while grammatically framing it as a missed opportunity.
- The pen name Ghalib (meaning 'the Conqueror') sits at the end of the first line in its traditional position as radif, and the word itself carries a quiet irony—the 'conqueror' is conquered by wine.
- Masā'il (plural of mas'ala) suggests not just 'questions' but 'delicate, knotty issues'—the thorny problems of the Sufi path that only a true master can address.","The Sufi double meaning of bāda (literal wine / the wine of divine love) cannot be sustained in English without a gloss; 'wine' in English poetry carries Romantic or secular connotations, not the specific Sufi symbolism of divine intoxication. The technical weight of valī as a station in the Sufi hierarchy (as opposed to the Christian 'saint') is irreducible. The rhythmic and sonic architecture of the Urdu line, and the way the conditional clause lands as a punchline, are lost in any English rendering.",,,,,
b14,mirza-ghalib,"گو ہاتھ کو جنبش نہیں آنکھوں میں تو دم ہے
رہنے دو ابھی ساغر و مینا مرے آگے","go haath ko jumbish nahīñ āñkhoñ meñ to dam hai
rahne do abhī sāġhar-o-mīnā mire aage",Hands can't move but the eyes still have life: leave the goblet and flask before me. Wine vessels as the poet's last attachment to life.,A,"go = though; haath ko = to the hand; jumbish = movement; nahīñ = not; āñkhoñ meñ = in the eyes; to = but/at least; dam = breath/life/spirit, also a moment; hai = is; rahne do = let stay/remain; abhī = still/for now; sāġhar-o-mīnā = wine-cup and flagon/ewer; mire aage = before me, in front of me","Though there is no movement in the hand, there is life in the eyes; / let the wine-cup and flagon remain before me for now.","Though the hand cannot stir, in the eyes there is still breath; / leave the cup and the wine-flask a while yet in front of me.","- 'dam' carries both 'breath/life' and 'moment,' so the eyes are still alive and still capable of a little while; English has to choose one sense.
- The contrast between the motionless hand and the living eyes is an ironic image of weakness or age versus remaining desire.
- 'sāġhar-o-mīnā' are conventional wine implements; in the ghazal/Sufi register they can also suggest spiritual longing or divine wine, though the surface scene is literal.
- 'rahne do' is an imperative to a cup-bearer or attendant: do not remove the wine-things, since sight itself still sustains him.
- The emphatic 'to' after 'āñkhoñ meñ' marks the eyes as the one thing still retaining life.",The single word 'dam' as both breath/life and moment cannot be reproduced exactly; the Persianate resonance of 'sāġhar-o-mīnā' and the compressed metrical syntax are also lost.,,,,,
b14,mirza-ghalib,"گو ہاتھ کو جنبش نہیں آنکھوں میں تو دم ہے
رہنے دو ابھی ساغر و مینا مرے آگے","go haath ko jumbish nahīñ āñkhoñ meñ to dam hai
rahne do abhī sāġhar-o-mīnā mire aage",Hands can't move but the eyes still have life: leave the goblet and flask before me. Wine vessels as the poet's last attachment to life.,B,"Go give your hand a shake in my eyes; there's life in them. Stay by my side for now, O winecup and lotus pond!","Go give your hand a shake in my eyes; there is life in them. Stay by my side for now, O winecup and lotus pond! (Ghalib)","Invite my hand to move within your gaze, For life still flickers in those eyes of yours. And stay with me, O cup of wine, O pool Of fragrant lilies, until the dawn appears. (Ghalib)","- The poet suggests that his beloved should touch his hand if she can see it through her tears; he wants to be near her as long as possible.
- Sāġhar (winecup) and mīnā (lotus pond) are symbols of beauty, love and intoxication.",,,,,,
b14,mirza-ghalib,"گو ہاتھ کو جنبش نہیں آنکھوں میں تو دم ہے
رہنے دو ابھی ساغر و مینا مرے آگے","go haath ko jumbish nahīñ āñkhoñ meñ to dam hai
rahne do abhī sāġhar-o-mīnā mire aage",Hands can't move but the eyes still have life: leave the goblet and flask before me. Wine vessels as the poet's last attachment to life.,C,go: although/albeit; jumbish: movement/motion; dam: breath/life/spirit; sāġhar: wine cup/goblet; mīnā: wine flask/decanter,"Although the hand has no movement, there is still breath in the eyes
Let the goblet and the flask remain before me","Though my hand has lost its motion, my eyes still hold their breath;
Leave the goblet and the flask before me, just as they are.","- The contrast between 'jumbish' (physical agency/movement) and 'dam' (vitality/breath) highlights the threshold between life and death; the body is failing, but the soul's vision remains.
- The 'eyes' having 'breath' is a poetic conceit suggesting that as long as the poet can behold his beloved or his symbols of ecstasy, he is truly alive.
- 'Sāġhar-o-mīnā' (the goblet and the flask) is a classic synecdoche for the tavern and the state of intoxication, representing the tools of spiritual or romantic ecstasy.
- In the Sufi tradition, the wine and its vessels are symbols of Divine Love; the poet is requesting that his final moments be spent in a state of 'intoxication' (spiritual proximity) rather than the 'sobriety' of death.
- The couplet captures the 'ghazal' ethos of clinging to one's identity and passion even in the face of inevitable physical dissolution.","The specific rhythmic cadence of the Urdu meter (behr) and the subtle, concessive weight of the word 'go' (although), which sets a tone of defiant resignation that is difficult to capture in English without sounding overly formal.",,,,,
b14,mirza-ghalib,"گو ہاتھ کو جنبش نہیں آنکھوں میں تو دم ہے
رہنے دو ابھی ساغر و مینا مرے آگے","go haath ko jumbish nahīñ āñkhoñ meñ to dam hai
rahne do abhī sāġhar-o-mīnā mire aage",Hands can't move but the eyes still have life: leave the goblet and flask before me. Wine vessels as the poet's last attachment to life.,D,go: let; haath: hand; jumbish: movement/motion; āñkhoñ: eyes; dam: breath/life/spark; rahne do: let it stay; abhī: still/now; sāġhar: wine cup; mīnā: wine bowl; mire aage: before me,"Let the hand have no movement, there is still breath in the eyes,
Let the cup and bowl remain before me for now.","Let the hand remain still, for the eyes still hold their spark,
Let the cup and bowl stay before me, for now.","- Sāġhar-o-mīnā: These are classic Persianate symbols for the vessels of wine, representing the source of spiritual or aesthetic ecstasy.
- Dam: This carries a double meaning of 'breath' (biological life) and 'spark' (the vitality of the gaze). It suggests that while the body is exhausted, the soul/vision is still active.
- Jumbish: The lack of movement implies a state of profound intoxication or a trance where the physical body yields to the internal experience.
- The Paradox: Ghalib creates a tension between physical paralysis and visual vitality. He suggests that as long as the eyes can 'consume' the wine through sight, the hand's inability to reach for it is irrelevant.
- The 'Go' (Let): This is a Persian imperative, common in Ghalib's work, where he addresses fate or the universe, asking for a state of passive, contemplative intoxication.","The specific aesthetic weight of 'Sāġhar' and 'Mīnā' as cultural artifacts of the Persian wine-house tradition is difficult to capture in English. Additionally, the rhythmic transition from the physical 'hand' to the metaphysical 'eyes' loses some of its percussive flow in translation.",,,,,
b14,mirza-ghalib,"گو ہاتھ کو جنبش نہیں آنکھوں میں تو دم ہے
رہنے دو ابھی ساغر و مینا مرے آگے","go haath ko jumbish nahīñ āñkhoñ meñ to dam hai
rahne do abhī sāġhar-o-mīnā mire aage",Hands can't move but the eyes still have life: leave the goblet and flask before me. Wine vessels as the poet's last attachment to life.,E,go: although; jumbish: movement/stir; āñkhoñ: eyes; dam: breath/strength/vitality; rahne do: let remain/leave; sāġhar: wine-cup; mīnā: wine-flask; mire aage: before me,"Although the hand has no movement, in the eyes there is still strength
Let the goblet and the flask remain before me still","Though my hand cannot stir, my eyes yet hold their light
Leave the cup and the flask before me still","- The poet is likely depicting a state of terminal illness or extreme fragility, a common theme in Ghalib's later work.
- The word 'dam' is a polysemy meaning breath, life, strength, or a moment. Here it signifies the vitality of the gaze.
- The 'sāġhar' (cup) and 'mīnā' (flask) are stock symbols of the tavern (maikhana), representing both worldly intoxication and Sufi spiritual ecstasy.
- The core paradox is the shift from physical consumption to visual consumption: the poet suggests that the mere sight of the wine is enough to sustain him or provide the desired intoxication, rendering the physical act of drinking unnecessary.","The rhythmic cadence (beher) of the ghazal and the specific sonic resonance of 'dam', which links the act of breathing (life) with the act of seeing (desire).",,,,,
b14,mirza-ghalib,"گو ہاتھ کو جنبش نہیں آنکھوں میں تو دم ہے
رہنے دو ابھی ساغر و مینا مرے آگے","go haath ko jumbish nahīñ āñkhoñ meñ to dam hai
rahne do abhī sāġhar-o-mīnā mire aage",Hands can't move but the eyes still have life: leave the goblet and flask before me. Wine vessels as the poet's last attachment to life.,F,go: a call to attention; haath: hand; jumbish: movement; nahīñ: not; āñkhoñ: eyes; to: but; dam: breath; rahne do: let it be; abhī: still; sāġhar-o-mīnā: the rivers Sagar and Mina (symbolic of the beloved's eyes); mire aage: before me,"A call to hand, there is no movement, but in the eyes, there is breath. Let it be, still, the rivers Sagar and Mina before me.","A summons to the hand, yet it remains still, / But in the eyes, a spark of life does dwell. / Let it be, for now, the rivers' gentle flow / Before me, like the beloved's eyes, aglow.","- The wordplay on 'go' as a call to attention and a reference to the poet's hand is a common technique in Urdu poetry. The phrase 'sāġhar-o-mīnā' is a stock symbol in Urdu literature, representing the beloved's eyes. I've used 'rivers' to convey the idea of gentle flow and beauty, rather than translating it literally as 'the rivers Sagar and Mina'. The phrase 'mire aage' is a common idiom in Urdu, meaning 'before me', but it also has a Sufi connotation of the beloved being present before the poet's inner self.",The nuances of the Sufi connotations and the poet's use of symbolism to convey the beloved's presence and the poet's longing are difficult to translate directly into English.,,,,,
b14,mirza-ghalib,"گو ہاتھ کو جنبش نہیں آنکھوں میں تو دم ہے
رہنے دو ابھی ساغر و مینا مرے آگے","go haath ko jumbish nahīñ āñkhoñ meñ to dam hai
rahne do abhī sāġhar-o-mīnā mire aage",Hands can't move but the eyes still have life: leave the goblet and flask before me. Wine vessels as the poet's last attachment to life.,G,"گو = say / even if; ہاتھ = hand; جنبش = movement, motion (Persian); آنکھوں = eyes (pl., oblique); دم = breath, life, spirit; رہنے دو = let it be, leave it; ساغر = wine goblet (Persian); مینا = glass drinking vessel; آگے = in front, before","Say that the hand has no movement, but in the eyes there is breath.
Let the wine goblet and the glass still remain before me.","Say the hand has lost its motion — yet the eyes are full of breath.
Let the goblet and the glass remain before me, for now.","- دم (dam) carries a triple meaning: literal breath, life/vitality, and in Sufi usage the divine breath or spirit. English 'breath' retains the first two but flattens the Sufi layer.
- ساغر و مینا (sāġhar-o-mīnā) is a stock paired phrase in ghazal poetry denoting the entire apparatus of wine-drinking; together they evoke the scene rather than two separate objects.
- The central contrast is between the inert hand (physical incapacity, inaction) and the living eyes (visual/spiritual aliveness). The poet concedes bodily paralysis but asserts that the eyes — the seat of desire and perception — are still alive.
- گو (go) opens the couplet as a concessive: 'even if' or 'grant that.' It frames the first hemistich as a hypothetical the poet is willing to accept, making the second hemistich's demand ('let them remain') all the more pointed.
- A Sufi reading is available: the body (hand) may be dead to action, but the inner vision (eyes) is animated by the breath of the Divine; the wine (sharab) is the intoxication of divine love, and its mere presence before the poet is sufficient sustenance.","The specific cultural resonance of sāġhar and mīnā as a fixed poetic pairing; the Sufi weight of 'dam' as divine breath; the soft phonetic texture of the Urdu (the repeated 'm' in jumbish–dam, the liquid flow of rahne do); and the subtle ambiguity of whether 'go' addresses a listener or functions purely as a concessive particle.",,,,,
b14,mirza-ghalib,"گو ہاتھ کو جنبش نہیں آنکھوں میں تو دم ہے
رہنے دو ابھی ساغر و مینا مرے آگے","go haath ko jumbish nahīñ āñkhoñ meñ to dam hai
rahne do abhī sāġhar-o-mīnā mire aage",Hands can't move but the eyes still have life: leave the goblet and flask before me. Wine vessels as the poet's last attachment to life.,H,"Don't move your hands; there's life in your eyes. Stay here awhile at my side, O Sagar and Mina.","Do not move your hands; there is life in your eyes; stay a little while with me, O Sagar and Mina.","Don't wave goodbye; there's still life in your eyes. Stay here awhile, O Sagar and Mina, by my side.",- Sagar and Mina are the names of two famous lovers from history.,,,,,,
b15,mirza-ghalib,"آہ کو چاہیے اک عمر اثر ہوتے تک
کون جیتا ہے تری زلف کے سر ہوتے تک","aah ko chāhiye ik umr asar hote tak
kaun jiitā hai tirī zulf ke sar hote tak","A sigh needs a lifetime to take effect ('asar'); who lives long enough for your tresses to be won ('sar hona' = to be conquered, with 'sar' also meaning head/tip). Tresses (zulf) as the beloved's snare.",A,"Oh, if only there were time enough for this to have an effect! Who has ever won a heart that's so high above reach? (i.e., unattainable)",Oh should be one life effect until / Who conquered your hair on head until,"Oh, if only there were time enough for this to have an effect! Who has ever won a heart that's so high above reach?","- The poet is expressing his frustration at the unattainability of love. He wishes he had more time to win over the beloved's heart, but it seems impossible as it is too high and out of reach.",,,,,,
b15,mirza-ghalib,"آہ کو چاہیے اک عمر اثر ہوتے تک
کون جیتا ہے تری زلف کے سر ہوتے تک","aah ko chāhiye ik umr asar hote tak
kaun jiitā hai tirī zulf ke sar hote tak","A sigh needs a lifetime to take effect ('asar'); who lives long enough for your tresses to be won ('sar hona' = to be conquered, with 'sar' also meaning head/tip). Tresses (zulf) as the beloved's snare.",B,How I wish there were a single life span in which to make an impact! / Who can live forever with your tresses as crowns?,"I desire one life-span for effect, / who won the game of living with your locks on his head?",If only we had but one life-span to leave a mark. / Who could live forever with your tresses as crowns? ,"- The 'one life-span' is an allusion to the famous couplet by the 13th century Sufi poet Rumi: 'How I wish there were a single life-span in which to make an impact!' ('آه کو چاہيے اک عمر اثر ہوتے تک')

The wordplay is on the phrase 'zulf-e-sar' (tresses as crowns), which is a metaphor for beauty, and the game of living forever with them. Ghalib uses it to mean that no one can live forever in this world.",,,,,,
b15,mirza-ghalib,"آہ کو چاہیے اک عمر اثر ہوتے تک
کون جیتا ہے تری زلف کے سر ہوتے تک","aah ko chāhiye ik umr asar hote tak
kaun jiitā hai tirī zulf ke sar hote tak","A sigh needs a lifetime to take effect ('asar'); who lives long enough for your tresses to be won ('sar hona' = to be conquered, with 'sar' also meaning head/tip). Tresses (zulf) as the beloved's snare.",C,"aah: the lover’s sigh, the utterance ‘ah’; ko: for/to; chāhiye: is needed/requires; ik umr: one lifetime/an age; asar hote tak: until effect/manifestation happens; kaun: who; jiitā hai: lives/survives; tirī: your; zulf: tress/locks/curls; ke sar: its end/tip/head; hote tak: until [that] happens/is reached","For a sigh, one lifetime is needed until effect happens.
Who lives until the end of your tress happens?","A sigh needs a whole lifetime to take effect—
who lives until your tresses reach their end?","- The beloved’s zulf (long, curling, tangled tresses) is a stock ghazal image of endless beauty and entrapment; its tip or end (sar) is always receding.
- The first line treats the lover’s aah as slow-acting: it only produces asar (effect) after a lifetime.
- The original ends both lines with hote tak, creating a rhythmic echo, and plays on the sonic and visual closeness of asar (effect) and sar (tip/end/head).
- kaun jiitā hai is a rhetorical question: ‘who lives long enough?’ implies no one can.
- I rendered sar as ‘end/tip’ to preserve the impossible-distance image, but had to sacrifice its literal sense of ‘head’.","The asar/sar wordplay, the repetition of hote tak, and the full symbolic resonance of aah and zulf in the Urdu ghazal tradition cannot be fully carried into English.",,,,,
b15,mirza-ghalib,"آہ کو چاہیے اک عمر اثر ہوتے تک
کون جیتا ہے تری زلف کے سر ہوتے تک","aah ko chāhiye ik umr asar hote tak
kaun jiitā hai tirī zulf ke sar hote tak","A sigh needs a lifetime to take effect ('asar'); who lives long enough for your tresses to be won ('sar hona' = to be conquered, with 'sar' also meaning head/tip). Tresses (zulf) as the beloved's snare.",D,aah: sigh/moan of pain; ik umr: a lifetime/an age; asar: effect/impact; jiitā: lives/survives; zulf: tresses/hair; sar: head/end/conclusion,"A sigh needs a lifetime until its effect is felt,
Who lives until the end of your tresses?","A sigh requires a lifetime to take its full toll,
Who survives until your tresses reach their end?","- The word 'sar' is the central pivot of the couplet. In Urdu, it means both 'head' and 'end/conclusion'. Ghalib plays on this: the lover is lost in the 'head' of the hair (the tresses) and dies before reaching the 'end' of them.
- The 'Aah' (sigh) is a standard trope in Persian/Urdu poetry representing the lover's internal agony. Ghalib suggests that the pain is so profound that even a sigh takes a lifetime to manifest as a killing blow.
- There is a structural symmetry between the two lines: the first deals with the time required for a sound of pain to kill, and the second deals with the impossibility of surviving the physical beauty of the beloved's hair.
- The phrase 'hote tak' (until it happens/becomes) creates a rhythmic parallelism that emphasizes the duration of the lover's suffering.","The linguistic ambiguity of 'sar' (head vs. end) is perfectly balanced in Urdu, whereas in English, 'end' is the more natural fit for the context of length, losing the 'head' pun. The cultural weight of 'Aah' as a specific poetic unit of lamentation is also difficult to fully capture.",,,,,
b15,mirza-ghalib,"آہ کو چاہیے اک عمر اثر ہوتے تک
کون جیتا ہے تری زلف کے سر ہوتے تک","aah ko chāhiye ik umr asar hote tak
kaun jiitā hai tirī zulf ke sar hote tak","A sigh needs a lifetime to take effect ('asar'); who lives long enough for your tresses to be won ('sar hona' = to be conquered, with 'sar' also meaning head/tip). Tresses (zulf) as the beloved's snare.",E,"aah = sigh, lament; chāhiye = requires, demands; ik umr = a lifetime; asar = effect, impact, influence; hote tak = until it takes (effect) / until it becomes; kaun = who; jiitā hai = has survived (past participle of jīnā, to live); tirī = your (feminine); zulf = tress, lock of hair; ke sar = of the head / to the head; hote tak = until it reaches / until it becomes","A sigh requires a lifetime until it takes effect
Who has survived until your tress reaches the head?","Even a sigh demands a lifetime to bear fruit
Who has lived to see your tress fall upon the head?","- The structural parallel of 'hote tak' (until it becomes/reaches) closing both lines creates a rhythmic echo and a sense of two equally impossible waits; this is partially preserved in the literal but harder to sustain in the poetic rendering.
- 'Asar' (effect, impact) carries a sense of the sigh's powerlessness — even the most basic expression of pain needs a whole lifetime to register, underscoring the beloved's indifference or the futility of the lover's complaint.
- 'Zulf' (tress) is a stock symbol in the ghazal for the beloved's hair as an agent of torment, intoxication, and spiritual noose; its falling upon the head is a classic image of being overwhelmed by beauty.
- 'Jiitā' (has survived) is stronger than 'has lived' — it implies the experience is so painful that mere survival is the question, not just passage of time.
- 'Tirī' is the feminine possessive, standard in the ghazal tradition where the beloved is addressed in the feminine regardless of the poet's own orientation; this grammatical gender is invisible in English.
- The couplet operates on a double temporal scale: the first line stretches a single sigh across a lifetime (macro-time), while the second compresses an entire life into the brief moment of hair falling (micro-time), creating a paradox of duration.","The exact parallel of 'hote tak' in both line-endings, which in Urdu creates a musical and structural rhyme-like echo; the feminine gender of 'tirī'; the assonance and consonantal music of the Urdu; the slight ambiguity of 'sar' (head of the beloved vs. head of the lover) which in Urdu is a single word doing double duty; the weight of 'asar' as a Persian loanword carrying connotations of cosmic influence beyond mere 'effect'.",,,,,
b15,mirza-ghalib,"آہ کو چاہیے اک عمر اثر ہوتے تک
کون جیتا ہے تری زلف کے سر ہوتے تک","aah ko chāhiye ik umr asar hote tak
kaun jiitā hai tirī zulf ke sar hote tak","A sigh needs a lifetime to take effect ('asar'); who lives long enough for your tresses to be won ('sar hona' = to be conquered, with 'sar' also meaning head/tip). Tresses (zulf) as the beloved's snare.",F,aah: sigh/cry of longing; chāhiye: needs/requires; ik umr: a lifetime; asar: effect/impact; kaun: who; jiitā hai: lives/survives; tirī: your; zulf: tresses/curls of hair; sar hote tak: until [they] are conquered/untied/mastered,"A sigh needs a lifetime until it has an effect
Who lives until your tresses are conquered?","A sigh requires a lifetime to find its mark,
Who survives until your curls are finally undone?","- The 'aah' (sigh) is a stock symbol in the ghazal, representing the lover's spiritual and emotional suffering which is meant to eventually move the beloved or the Divine.
- The 'zulf' (tresses) symbolizes the labyrinthine complexity of the beloved's beauty and the snares that trap the lover.
- There is a sophisticated phonetic play (paronomasia) between 'asar' (effect) in the first line and 'sar' (head/conquer) in the second.
- The phrase 'sar hona' is an idiom. In the context of 'zulf', it carries a double meaning: to unravel the knots of the curls, and to conquer or master the difficulty of the beloved's indifference.","The internal sonic echo between 'asar' and 'sar' is lost. Additionally, the English 'undone' or 'conquered' cannot simultaneously capture the physical act of untying hair and the metaphorical act of overcoming a challenge as 'sar hona' does in Urdu.",,,,,
b15,mirza-ghalib,"آہ کو چاہیے اک عمر اثر ہوتے تک
کون جیتا ہے تری زلف کے سر ہوتے تک","aah ko chāhiye ik umr asar hote tak
kaun jiitā hai tirī zulf ke sar hote tak","A sigh needs a lifetime to take effect ('asar'); who lives long enough for your tresses to be won ('sar hona' = to be conquered, with 'sar' also meaning head/tip). Tresses (zulf) as the beloved's snare.",G,word-by-word meaning of the key words and phrases,The sigh should be satisfied until it has an effect for a lifetime. Who wins until the end of your tresses?,A sigh should be enough to leave its mark for a lifetime. Who can conquer till the end of your tresses?,"- The phrase 'اہ کو چاہیے' is a common Urdu idiom meaning 'a sigh' or 'a longing', but it can also imply 'a wish' or 'a desire'. I translated it as 'a sigh' to maintain the poetic tone.
- The word 'عمر' means 'lifetime' or 'age', but it can also imply 'a span of time' or 'a period'. I translated it as 'lifetime' to convey the idea of a lasting effect.
- The phrase 'زلف کے سر' is a common Urdu expression meaning 'the end of your tresses' or 'the tips of your hair'. It can also imply 'the end of your life' or 'the final moment'. I translated it as 'the end of your tresses' to maintain the poetic tone and avoid a more somber interpretation.
- The word 'کون' means 'who' or 'which one', but it can also imply 'anyone' or 'no one'. I translated it as 'who' to maintain the poetic tone and avoid a more indefinite interpretation.","The nuances of the Urdu idiom 'اہ کو چاہیے' and the double meaning of 'زلف کے سر' may be lost in translation, as the English language does not have direct equivalents for these expressions.",,,,,
b15,mirza-ghalib,"آہ کو چاہیے اک عمر اثر ہوتے تک
کون جیتا ہے تری زلف کے سر ہوتے تک","aah ko chāhiye ik umr asar hote tak
kaun jiitā hai tirī zulf ke sar hote tak","A sigh needs a lifetime to take effect ('asar'); who lives long enough for your tresses to be won ('sar hona' = to be conquered, with 'sar' also meaning head/tip). Tresses (zulf) as the beloved's snare.",H,aah: sigh/lament; chāhiye: requires/needs; ik umr: a lifetime; asar: effect/impact; kaun: who; jiitā: lives/survives; tirī zulf: your tresses/curls; sar: end/tip/head; hote tak: until it happens/becomes,"A sigh requires a lifetime until it takes effect
Who lives until the ends of your tresses are reached?","A sigh needs a lifetime to bear its effect,
Who lives to see your tresses reach their end?","- The rhyme (qafiya) links 'asar' (effect) with 'sar' (end/head), creating a structural parallel between the efficacy of a prayer/lament and the physical extent of the beloved's hair.
- The 'sigh' (aah) is a classical symbol of the lover's spiritual and physical suffering, often used in Sufi poetry to represent the soul's longing for the Divine.
- The 'tresses' (zulf) represent the beloved's beauty and the labyrinthine, winding complexity of the path of love.
- The couplet employs a temporal irony: the lover's spiritual plea is too slow to be heard, and the beloved's physical beauty is too vast/endless to be fully witnessed before death.
- The word 'sar' is used here to mean the 'end' or 'limit' of the hair, playing on the idea of the hair being so long or the process of its arrangement so slow that the lover cannot survive to see it completed.","The phonetic resonance and rhythmic weight of the rhyme between 'asar' and 'sar', and the specific musicality of Ghalib's meter (behr) which drives the tension of the lines.",,,,,
b16,meer-taqi-meer,"پتا پتا بوٹا بوٹا حال ہمارا جانے ہے
جانے نہ جانے گل ہی نہ جانے باغ تو سارا جانے ہے","pattā pattā buuTā buuTā haal hamārā jaane hai
jaane na jaane gul hī na jaane baaġh to saarā jaane hai","Doubled words 'pattā pattā, buuTā buuTā' and the repeated 'jaane'. Every leaf knows my state; only the flower (the beloved) doesn't, though the whole garden does.",A,pattā: leaf; buuTā: bush/shrub; haal: state/condition/suffering; jaane: knows; gul: flower (symbol for the Beloved); baaġh: garden (symbol for the world/universe); saarā: entire/whole,"Every leaf, every bush knows my state,
Whether the flower knows or not, the entire garden knows.","Every leaf, every bush knows my woe,
The garden knows all, though the flower does not know.","- The 'gul' (flower) is the standard ghazal symbol for the Beloved; the central irony is that the Beloved is the only part of the 'baaġh' (garden/world) that remains oblivious to the lover's 'haal' (state of suffering).
- The repetition of 'pattā pattā' and 'buuTā buuTā' (leaf by leaf, bush by bush) serves to emphasize the overwhelming, all-encompassing nature of the lover's grief—it is a public spectacle rather than a private agony.
- The couplet utilizes the trope of the 'indifferent beloved,' a common theme in Sufi poetry where the seeker's struggle is witnessed by the entire creation, yet the Divine/Beloved remains seemingly detached.","The rhythmic, hypnotic cadence of the Urdu meter and the specific musicality of the 'jaane hai' refrain, which provides a sense of cyclical, inevitable truth that is difficult to replicate in English verse.",,,,,
b16,meer-taqi-meer,"پتا پتا بوٹا بوٹا حال ہمارا جانے ہے
جانے نہ جانے گل ہی نہ جانے باغ تو سارا جانے ہے","pattā pattā buuTā buuTā haal hamārā jaane hai
jaane na jaane gul hī na jaane baaġh to saarā jaane hai","Doubled words 'pattā pattā, buuTā buuTā' and the repeated 'jaane'. Every leaf knows my state; only the flower (the beloved) doesn't, though the whole garden does.",B,"pattā = leaf; also 'information, news' (as in pattā chalnā, to find out). buuṭā = plant, shrub; also 'a little, a bit'. hāl = state, condition, situation. jaane = who knows / perhaps / is known (from jaannā, to know — the form is deliberately ambiguous). gul = flower; also 'beloved, love, a knot (of the heart)'. baaġh = garden; also 'the world, the realm of love'. sārā = entire, whole. hamārā = our.","Leaf by leaf, plant by plant, our state is perhaps known.
Known or unknown, even the flower is unknown, but the whole garden is known.","Leaf by leaf, sprig by sprig, our state is known, who knows—
The flower stays unknown, but the whole garden knows.","- The central device is the repeated ambiguity of jaane: it oscillates between 'who knows' (epistemic uncertainty) and 'is known' (passive state). In line 1 it hovers between both readings simultaneously; in line 2 it cycles through 'known or unknown,' 'unknown,' and 'is known' in quick succession.
- pattā carries a secondary meaning of 'information, news' (pattā chalnā = to come to light), so 'pattā pattā' suggests both 'leaf by leaf' and 'bit by bit (of information).'
- buuṭā means 'a little, a small amount' in colloquial usage, so 'buuṭā buuṭā' echoes 'bit by bit' alongside 'plant by plant.'
- gul (flower) is the standard ghazal symbol for the beloved or for love itself; na jaane gul suggests the beloved's inner state remains opaque.
- baaġh (garden) extends to the world or the totality of the realm of love; sārā baaġh jaane hai implies that while the particular flower eludes us, the whole pattern is legible.
- The couplet enacts a movement from the particular (leaf, plant, flower) to the universal (the whole garden), mirroring a Sufi insight: the detail may be opaque, but the totality reveals itself.","The phonetic music of the jaane repetitions (jaane / na jaane / na jaane / jaane) cannot be replicated in English without heavy distortion. The dual meaning of pattā (leaf / information) and buuṭā (plant / a little) is collapsed in English, where 'leaf' and 'sprig' carry only the botanical sense. The grammatical ambiguity of jaane hai — whether it is 'who knows, it is' or 'it is known' — is flattened by English's need to pick one reading per instance.",,,,,
b16,meer-taqi-meer,"پتا پتا بوٹا بوٹا حال ہمارا جانے ہے
جانے نہ جانے گل ہی نہ جانے باغ تو سارا جانے ہے","pattā pattā buuTā buuTā haal hamārā jaane hai
jaane na jaane gul hī na jaane baaġh to saarā jaane hai","Doubled words 'pattā pattā, buuTā buuTā' and the repeated 'jaane'. Every leaf knows my state; only the flower (the beloved) doesn't, though the whole garden does.",C,"pattā pattā — leaf by leaf, every single leaf; buuTā buuTā — plant by plant, every little shrub; haal hamārā — our state/condition, the lover’s plight; jaane hai — knows; jaane na jaane — whether it knows or not; gul — rose/flower, also the beloved; hī na jaane — even if it alone does not know; bāġh — garden, also the world or assembly; to — indeed/after all; saarā — whole, entire.","Leaf by leaf, plant by plant, knows our condition.
Whether it knows or not, even if the rose alone does not know, the whole garden indeed knows.","Each leaf, each sprig, knows my plight.
The rose may not know—yet the whole garden knows.","- The doubled nouns pattā pattā and buuTā buuTā are an idiom of totality: every single leaf and plant, meaning all of nature or the whole world.
- Gul (rose) is a stock ghazal symbol for the beloved, while bāġh (garden) can mean the surrounding world or society that witnesses the lover’s suffering.
- The phrase jaane na jaane ... hī na jaane sets up a concessive contrast: even if the beloved/rose is ignorant or indifferent, the rest of creation is not.
- I rendered hamārā as 'my' in the poetic version because the ghazal’s first-person plural often works as a formal or royal singular in English verse.",The exact echo of pattā pattā buuTā buuTā and the double sense of gul as both flower and beloved are difficult to keep at once; the archaic/colloquial jaane hai also has no direct English equivalent.,,,,,
b16,meer-taqi-meer,"پتا پتا بوٹا بوٹا حال ہمارا جانے ہے
جانے نہ جانے گل ہی نہ جانے باغ تو سارا جانے ہے","pattā pattā buuTā buuTā haal hamārā jaane hai
jaane na jaane gul hī na jaane baaġh to saarā jaane hai","Doubled words 'pattā pattā, buuTā buuTā' and the repeated 'jaane'. Every leaf knows my state; only the flower (the beloved) doesn't, though the whole garden does.",D,"Wherever we go, whatever we do, our fate is known to everyone","We know not where we are going, nor why; but all will know of this garden and its roses","Wherever we go, whatever we do, our fate is known to everyone
We know not where we are going, nor why; but all will know of this garden and its roses","- The 'pattas' (buds) of the first line are the secret desires of the lover. The 'gul' (rose) is the lover's beloved. A 'baga' is a place where one can be hidden, but it also means a place of pleasure and joy. In the final couplet, the speaker expresses that their fate will be known to everyone, even if they do not know why or how. The roses are the lover's beloved, and the garden is the place of pleasure and joy, which all will come to know about.",,,,,,
b16,meer-taqi-meer,"پتا پتا بوٹا بوٹا حال ہمارا جانے ہے
جانے نہ جانے گل ہی نہ جانے باغ تو سارا جانے ہے","pattā pattā buuTā buuTā haal hamārā jaane hai
jaane na jaane gul hī na jaane baaġh to saarā jaane hai","Doubled words 'pattā pattā, buuTā buuTā' and the repeated 'jaane'. Every leaf knows my state; only the flower (the beloved) doesn't, though the whole garden does.",E,pattā: leaf; buuTā: shrub/plant; haal: state/condition/plight; jaane: knows; gul: flower/rose (symbol for the Beloved); baaġh: garden; saarā: entire/whole,"Every leaf, every shrub knows my condition,
Whether they know or not, only the flower knows not; the whole garden knows.","Leaf by leaf, shrub by shrub, my plight is known to all,
All know it—save the Rose; the whole garden knows.","- The 'Gul' (Rose) is a stock symbol in the ghazal tradition representing the Beloved. The irony lies in the fact that the entire world (the garden) is a witness to the lover's suffering, yet the one person who is the cause of that suffering remains oblivious.
- The repetition of 'pattā pattā buuTā buuTā' creates a rhythmic obsession, mirroring the lover's state of mind where every small detail of nature reflects his grief.
- The phrase 'jaane na jaane' is a play on the word 'jaane' (to know). It functions as an idiomatic expression meaning 'whether they know or not,' while maintaining the sonic texture of the poem.","The percussive, melodic quality of the Urdu repetition ('pattā pattā buuTā buuTā') is difficult to replicate in English without sounding redundant. Additionally, the specific cultural weight of the Rose as an unattainable, often cruel beauty is a nuance that requires external knowledge to fully appreciate.",,,,,
b16,meer-taqi-meer,"پتا پتا بوٹا بوٹا حال ہمارا جانے ہے
جانے نہ جانے گل ہی نہ جانے باغ تو سارا جانے ہے","pattā pattā buuTā buuTā haal hamārā jaane hai
jaane na jaane gul hī na jaane baaġh to saarā jaane hai","Doubled words 'pattā pattā, buuTā buuTā' and the repeated 'jaane'. Every leaf knows my state; only the flower (the beloved) doesn't, though the whole garden does.",F,pattā: leaf; buuTā: bud/shrub; haal: state/condition/plight; jaane: knows; gul: flower (symbol of the Beloved); baaġh: garden; saarā: entire/whole.,"Every leaf, every bud knows my state,
The flower knows not, but the whole garden knows.","Every leaf and every bud knows my plight,
The flower remains unaware, while the whole garden knows.","- The 'Gul' (flower) is a standard trope in Urdu/Persian poetry representing the Beloved—beautiful, aloof, and indifferent to the lover's suffering.
- The 'Baaġh' (garden) represents the world or the sphere of the Beloved's influence.
- The central irony (paradox) is the core of the sher: the one person who should care (the flower) is the only one who is oblivious, while the surrounding world (the garden) is fully aware of the lover's agony.
- The repetition of 'pattā pattā buuTā buuTā' creates a sense of pervasive, inescapable observation by the environment.
- The word 'haal' carries a double meaning of physical condition and spiritual/emotional state.",The rhythmic alliteration of 'pattā pattā buuTā buuTā' is difficult to replicate in English without sounding repetitive; the specific 'Persianate' weight of the word 'gul' as a symbol of divine/romantic beauty is also slightly diluted in a modern English context.,,,,,
b16,meer-taqi-meer,"پتا پتا بوٹا بوٹا حال ہمارا جانے ہے
جانے نہ جانے گل ہی نہ جانے باغ تو سارا جانے ہے","pattā pattā buuTā buuTā haal hamārā jaane hai
jaane na jaane gul hī na jaane baaġh to saarā jaane hai","Doubled words 'pattā pattā, buuTā buuTā' and the repeated 'jaane'. Every leaf knows my state; only the flower (the beloved) doesn't, though the whole garden does.",G,pattā pattā buuTā buuTā,known knowns unknowns,the known and unknown of our fate,- Pattā means 'fate' or 'destiny'; BuuTā means 'flower bud'.,,,,,,
b16,meer-taqi-meer,"پتا پتا بوٹا بوٹا حال ہمارا جانے ہے
جانے نہ جانے گل ہی نہ جانے باغ تو سارا جانے ہے","pattā pattā buuTā buuTā haal hamārā jaane hai
jaane na jaane gul hī na jaane baaġh to saarā jaane hai","Doubled words 'pattā pattā, buuTā buuTā' and the repeated 'jaane'. Every leaf knows my state; only the flower (the beloved) doesn't, though the whole garden does.",H,"pattā: everywhere, buuTā: flower, buuTā: flower, haal: state, hamārā: our, jaane hai: is known, jaane na: whether, gul: flower, baaġh: garden, saarā: entire","Everywhere a flower, a flower our state is known. Whether a flower or not, whether a garden or not, the entire is known.","In every corner, a bloom, a bloom, our fate is clear. Whether it's a flower or not, whether it's a garden or not, the whole truth is revealed.","- The word 'būTā' has a double meaning, referring both to a flower and to a state or condition. The poet uses this wordplay to convey the idea that our fate is known, but the specifics are unclear. The phrase 'jaane na' is a common idiomatic expression in Urdu, meaning 'whether' or 'if'. The use of 'saarā' to mean 'the entire' or 'the whole' is a common poetic device in Urdu literature.",The nuances of the ghazal's musicality and the poet's use of Persian vocabulary and Sufi symbolism are difficult to convey in English.,,,,,
b17,meer-taqi-meer,"نازکی اس کے لب کی کیا کہیے
پنکھڑی اک گلاب کی سی ہے","nāzukī us ke lab kī kyā kahiye
pañkhuḌī ik gulāb kī sī hai","Simple, famous simile: the delicacy of her lip is like a rose petal. Tests restraint.",A,What can be said about her lips' gentleness? / A flute is like a single rose,What can one say of her lips' gentleness? / The flute is but a single-rose's sound,"What words for her lips' gentleness? / A flute, a single rose's song","- The 'single-rose' (gulab) is the nightingale, which is also called a 'flute' (pakhwaji).",,,,,,
b17,meer-taqi-meer,"نازکی اس کے لب کی کیا کہیے
پنکھڑی اک گلاب کی سی ہے","nāzukī us ke lab kī kyā kahiye
pañkhuḌī ik gulāb kī sī hai","Simple, famous simile: the delicacy of her lip is like a rose petal. Tests restraint.",B,"nāzukī = delicacy, fineness, gracefulness; us ke = of his/her; lab = lips; kyā kahiye = how can one say / what can be said; pañkhuḌī = petal (of a flower); ik = one; gulāb = rose; sī = like, as; hai = is","How can one describe the delicacy of his/her lips?
It is like a single petal of a rose.","How to speak of the delicacy of those lips?
A single petal of a rose, no more.","- The comparison of lips to a rose petal is a stock image in the ghazal tradition, but Meer's choice of a single petal (pañkhuḌī) rather than the whole flower sharpens the image: a petal is thinner, more fragile, more ephemeral than the bloom itself.
- nāzukī carries a double register in Urdu: physical delicacy (thinness, softness) and moral refinement or grace. English 'delicacy' only partially covers both.
- kyā kahiye is a rhetorical question expressing that the beauty exceeds language — a common ghazal device of helpless admiration. The understated second line then answers the question with a simple simile, which is itself the point: even this plain comparison feels inadequate.
- The gender of the beloved is ambiguous (us ke works for both masculine and feminine). In the ghazal tradition the beloved is typically a young man, but the imagery here is gender-neutral.
- The rose (gulāb) is not merely a flower in this tradition — it is the primary symbol of the beloved's beauty, and its petals carry connotations of transience and the pain of love (thorn and bloom together).","The word nāzukī fuses physical fineness with moral grace in a way no single English word replicates. The rhetorical tone of kyā kahiye — a specific shade of helpless, reverent speechlessness — is flattened in English. The gender ambiguity of the beloved is lost once a pronoun is chosen. The musical texture of the Urdu (the soft nasal vowels, the liquid consonants) has no equivalent. And the cultural saturation of the rose as THE flower of the beloved — carrying centuries of Persian and Urdu poetic association — is reduced to a generic simile in English.",,,,,
b17,meer-taqi-meer,"نازکی اس کے لب کی کیا کہیے
پنکھڑی اک گلاب کی سی ہے","nāzukī us ke lab kī kyā kahiye
pañkhuḌī ik gulāb kī sī hai","Simple, famous simile: the delicacy of her lip is like a rose petal. Tests restraint.",C,nāzukī: delicacy/fragility; us ke: her/his/their; lab: lips; kyā kahiye: what can one say/how can it be described; pañkhuḌī: petal; ik: a/one; gulāb: rose; kī sī: like that of,"What can one say of the delicacy of those lips?
It is like a petal of a rose.","How can one describe the delicacy of those lips?
They are like a single petal of a rose.","- The phrase 'kyā kahiye' is a rhetorical device used to express that the subject's beauty is so overwhelming that it transcends the capacity of language.
- The rose (gulāb) is a stock symbol in the ghazal tradition for the ultimate standard of beauty and fragility.
- The comparison is a 'tashbih' (simile), specifically focusing on the tactile quality of softness and the visual quality of a pale, tender hue.","The sonic quality of the word 'nāzukī' itself evokes a sense of lightness and breathiness that mirrors the delicacy it describes. Additionally, the gender-neutral pronoun 'us' allows the beloved to remain an idealized, universal figure, which is slightly constrained by English gendered pronouns.",,,,,
b17,meer-taqi-meer,"نازکی اس کے لب کی کیا کہیے
پنکھڑی اک گلاب کی سی ہے","nāzukī us ke lab kī kyā kahiye
pañkhuḌī ik gulāb kī sī hai","Simple, famous simile: the delicacy of her lip is like a rose petal. Tests restraint.",D,"delicacy of her lips, what to say? / a rose-petal like a lotus",What can be said about the delicacy of her lips? / A lotus is like a rose petal,What words can capture her lips' tender charm? / Her beauty is a rose-petal's gentle form,"- nāzukī: delicacy, tenderness (Persian loanword)
- pañkhuḌī: lotus (Sanskrit loanword)
- handled the wordplay between nāzukī and the rose-petal by emphasizing the delicacy and beauty of the subject
- the lotus is a symbol of spiritual growth and enlightenment in Sufi tradition, used here to convey the subject's beauty and refinement","The musicality and rhythm of the original Urdu couplet, which relies on the sound and structure of the words to convey the poet's emotions and ideas.",,,,,
b17,meer-taqi-meer,"نازکی اس کے لب کی کیا کہیے
پنکھڑی اک گلاب کی سی ہے","nāzukī us ke lab kī kyā kahiye
pañkhuḌī ik gulāb kī sī hai","Simple, famous simile: the delicacy of her lip is like a rose petal. Tests restraint.",E,nāzukī: delicacy/tenderness; us ke: his/her (the beloved's); lab: lip; kyā kahiye: what can be said (an expression of ineffability); pañkhuḌī: petal; gulāb: rose; kī sī: like/similar to,"The delicacy of his/her lip, what can be said?
It is like a petal of a rose.","How can I describe the grace of those lips?
They are but a rose petal's soft bloom.","- Nāzukī: A Persianate term denoting a refined, aristocratic delicacy. It refers to both physical softness and a sophisticated aesthetic grace.
- Kyā kahiye: A classic trope in the ghazal tradition where the poet admits that the beloved's beauty transcends the limits of language; it is a rhetorical device of 'ineffable' praise.
- The Rose (Gulāb): A standard symbol in Sufi and courtly poetry for the beloved. Comparing the lip to a petal is a staple of 'Husn' (beauty) descriptions, emphasizing both the color and the tactile softness.
- The use of 'us ke' (his/her) maintains the ambiguity of the beloved, a hallmark of the ghazal where the beloved can be a human lover or a divine manifestation.","The specific rhythmic flow (behr) of the Urdu meter and the nuanced 'sigh' inherent in the phrase 'kyā kahiye,' which conveys a sense of overwhelmed surrender that 'what can be said' captures only partially in English.",,,,,
b17,meer-taqi-meer,"نازکی اس کے لب کی کیا کہیے
پنکھڑی اک گلاب کی سی ہے","nāzukī us ke lab kī kyā kahiye
pañkhuḌī ik gulāb kī sī hai","Simple, famous simile: the delicacy of her lip is like a rose petal. Tests restraint.",F,What can be said about her delicate lips? / A rose's petal is but a reed flute,What can be said about her delicate lips? / The reed flute of one rose is like that,"Her lips are tender, as if they were / A rose's petal, so fragile and fair. / Her voice is sweet, like a reed flute playing / In the night, its music filling the air. / Though she may seem delicate, her heart holds / The strength of a rose's fragrant bloom. / And though it might appear as if she's bound / To a reed flute, her spirit sings in tune. / Her beauty and grace are both so rare; / She is like a rose that plays the flute","- The poet uses 'pankhi' (reed flute) to symbolize the fragility of the rose's petal, while also hinting at the delicate nature of her voice. The comparison between the reed flute and the rose emphasizes their shared vulnerability but also highlights the strength that lies beneath their seemingly fragile appearance.",,,,,,
b17,meer-taqi-meer,"نازکی اس کے لب کی کیا کہیے
پنکھڑی اک گلاب کی سی ہے","nāzukī us ke lab kī kyā kahiye
pañkhuḌī ik gulāb kī sī hai","Simple, famous simile: the delicacy of her lip is like a rose petal. Tests restraint.",G,"nāzukī — delicacy, fineness, fragility; us ke lab kī — of her lips; kyā kahiye — what can one say / how can it be described; pañkhuḍī — petal; ik gulāb kī sī hai — is like that of a rose, like a single rose petal","The delicacy of her lips—what can one say?
It is like a petal of a rose.","What can one say of her lips' delicacy?
It is like a petal of a rose.","- The first line uses the idiomatic rhetorical question 'kyā kahiye' to claim that the lips' delicacy is beyond description.
- The second line answers with a conventional ghazal simile: the beloved's lips are like a rose petal, evoking softness, fragility, and perhaps color.
- nāzukī can mean delicacy, fineness, or fragility; I render it as 'delicacy' to keep the tactile and aesthetic sense.
- The 'ik' before 'gulāb' can be read as 'a single' rose petal, subtly intensifying the image of fragility.
- There is no significant wordplay or pen-name in this couplet; the effect lies in the rhetorical question and the stock simile.","English cannot reproduce the soft, Persianate sound texture of nāzukī and pañkhuḍī, nor the idiomatic modesty of kyā kahiye. The rose-petal simile also feels more plain in English than it does within the ghazal tradition.",,,,,
b17,meer-taqi-meer,"نازکی اس کے لب کی کیا کہیے
پنکھڑی اک گلاب کی سی ہے","nāzukī us ke lab kī kyā kahiye
pañkhuḌī ik gulāb kī sī hai","Simple, famous simile: the delicacy of her lip is like a rose petal. Tests restraint.",H,nāzukī: delicacy/softness; us ke: of her/his; lab: lips; kyā kahiye: what can be said (an expression of wonder/ineffability); pañkhuḌī: petal; gulāb: rose; sī hai: is like,"The delicacy of those lips, what can be said?
They are like a petal of a rose.","How can I describe the softness of those lips?
They are like a single rose petal.","- The concept of 'nazakat' (delicacy/finesse) is a central aesthetic in Urdu poetry, representing a beauty that is both physically soft and spiritually ethereal.
- The phrase 'kyā kahiye' is a rhetorical trope used to signal that the subject's beauty is so profound that language fails to capture it.
- The rose (gulāb) is the quintessential symbol of the beloved in the Persianate/Urdu tradition, representing perfection and transient beauty.
- This couplet is a prime example of 'Sahl-e-Mumtana'—a style of poetry that appears deceptively simple and easy to compose, but is actually impossible to replicate due to its perfect balance and depth.","The specific rhythmic 'lightness' of the Urdu meter, which physically mimics the delicacy of the subject; the word 'nazuki' also carries a nuance of 'exquisite fragility' that is difficult to condense into a single English adjective.",,,,,
b18,meer-taqi-meer,"الٹی ہو گئیں سب تدبیریں کچھ نہ دوا نے کام کیا
دیکھا اس بیماری دل نے آخر کام تمام کیا","ulTī ho ga.iiñ sab tadbīreñ kuchh na davā ne kaam kiyā
dekhā is bīmāri-e-dil ne āḳhir kaam tamām kiyā",'kaam kiyā' (medicine did not work) answered by 'kaam tamām kiyā' (finished me off). The pun on 'kaam' carries the couplet.,A,"ulTī = turned upside down, reversed, thwarted | ho ga.iiñ = became, turned out | sab = all | tadbīreñ = plans, schemes, strategies | kuchh na = not at all, nothing | davā ne = the medicine (agent) | kaam kiyā = did any work, was of use | dekhā = showed, revealed, let see | is = this | bīmāri-e-dil = the illness of the heart | āḳhir = at last, in the end | kaam tamām kiyā = completed the work, finished the task","All plans turned upside down, the medicine did no work at all
This illness of the heart showed, at last, its work completed","Every scheme has turned to ruin, no remedy has availed—
this heart's disease at last has shown its work is done.","- The word 'kaam' (work) appears in both lines: the medicine's 'kaam' failed, the disease's 'kaam' succeeded. This deliberate repetition creates a bitter parallel that is partially lost in English, where I used 'availed' in line one and 'work is done' in line two to avoid awkwardness while preserving the finality.
- 'bīmāri-e-dil' (illness of the heart) is the stock ghazal metaphor for love-sickness. The 'heart' is simultaneously the physical organ and the seat of emotion; the 'disease' is both a medical condition and the torment of unrequited or impossible love.
- 'davā' (medicine) carries a Sufi double meaning: the remedies one tries for love-sickness—reason, distance, time, distraction—all of which fail against the power of love.
- 'kaam tamām kiyā' (completed the work) is a phrase with dark finality in Urdu, implying the disease has killed or destroyed. In English, 'work is done' carries a similar weight (echoing death-bed language), which I exploited deliberately.
- The personification of the disease as an active agent (via the Urdu agent marker 'ne' and the verb 'dekhā'—it *showed* its work) makes the lover passive, at the mercy of an external force. This agency is preserved in the English rendering.
- 'ulTī' literally means 'upside down'—a more vivid, physical image than 'ruin' or 'naught.' The plans didn't just fail; they inverted, backfired, became their own opposite.","The exact repetition of 'kaam' across both lines, which in Urdu creates a tight structural echo (the medicine's work vs. the disease's work). The physical vividness of 'ulTī' (upside down) is softened to 'ruin.' The specific cultural resonance of 'bīmāri-e-dil' as a recognized stock phrase in the ghazal canon—readers of Urdu immediately hear the entire tradition of love-sickness poetry—has no equivalent shorthand in English. The meter and the musicality of the Urdu line, with its internal rhyme and the weight of the final word 'kiyā' landing in both hemistichs, cannot be replicated.",,,,,
b18,meer-taqi-meer,"الٹی ہو گئیں سب تدبیریں کچھ نہ دوا نے کام کیا
دیکھا اس بیماری دل نے آخر کام تمام کیا","ulTī ho ga.iiñ sab tadbīreñ kuchh na davā ne kaam kiyā
dekhā is bīmāri-e-dil ne āḳhir kaam tamām kiyā",'kaam kiyā' (medicine did not work) answered by 'kaam tamām kiyā' (finished me off). The pun on 'kaam' carries the couplet.,B,ulTī ho ga.iiñ: overturned/failed/went awry; tadbīreñ: plans/strategies/remedies; davā: medicine/cure; kaam kiyā: worked/was effective; bīmāri-e-dil: sickness of the heart (metaphor for love); āḳhir: finally/in the end; kaam tamām kiyā: finished the job/caused death.,"All plans went upside down, the medicine did not work at all
It was seen that this sickness of the heart finally finished the job.","All my schemes were overturned, no remedy worked its part,
In the end, death came from the sickness of the heart.","- The couplet hinges on a play on the word 'kaam' (work/action). In the first line, 'kaam kiyā' means 'to be effective' or 'to work'. In the second line, 'kaam tamām kiyā' is a common Urdu idiom meaning 'to finish off' or 'to kill'.
- 'Bīmāri-e-dil' (sickness of the heart) is the standard ghazal trope where the longing for the beloved is portrayed as a physical ailment that defies medical treatment.
- The transition from 'tadbīr' (calculated effort/strategy) to 'davā' (medical cure) shows the progression of the lover's desperation—from trying to manage the situation to seeking a cure.","The rhythmic symmetry and the specific linguistic punch of the 'kaam' wordplay. In Urdu, the repetition of 'kaam' creates a cruel irony—the medicine failed to 'work' (kaam), so the disease 'worked' (kaam) to kill him. English requires different verbs ('worked' vs 'death came') which breaks this mirror effect.",,,,,
b18,meer-taqi-meer,"الٹی ہو گئیں سب تدبیریں کچھ نہ دوا نے کام کیا
دیکھا اس بیماری دل نے آخر کام تمام کیا","ulTī ho ga.iiñ sab tadbīreñ kuchh na davā ne kaam kiyā
dekhā is bīmāri-e-dil ne āḳhir kaam tamām kiyā",'kaam kiyā' (medicine did not work) answered by 'kaam tamām kiyā' (finished me off). The pun on 'kaam' carries the couplet.,C,All plans have failed; nothing worked. The heart has seen its last days come to an end.,"All remedies turned upside down; no medicine did any good. Finally, the disease of the heart was seen through to completion.",Every cure is futile now. Nothing can heal this pain in my heart. I've reached the end of my days.,"- davā: medicine
- kaam kiyā: worked / did any good
- bīmāri-e-dil: disease of the heart",,,,,,
b18,meer-taqi-meer,"الٹی ہو گئیں سب تدبیریں کچھ نہ دوا نے کام کیا
دیکھا اس بیماری دل نے آخر کام تمام کیا","ulTī ho ga.iiñ sab tadbīreñ kuchh na davā ne kaam kiyā
dekhā is bīmāri-e-dil ne āḳhir kaam tamām kiyā",'kaam kiyā' (medicine did not work) answered by 'kaam tamām kiyā' (finished me off). The pun on 'kaam' carries the couplet.,D,ultī: overturned/failed; tadbīreñ: measures/plans/remedies; davā: medicine; kaam kiyā: worked/was effective; bīmāri-e-dil: sickness of the heart/love-sickness; āḳhir: finally/at last; kaam tamām kiyā: finished the job/destroyed/completed the task,"All my measures turned upside down, the medicine did no work;
I saw that this sickness of the heart finally finished the task.","All my remedies failed, the medicine proved no avail;
I saw this heartache, at last, complete its fatal tale.","- The verse hinges on a sophisticated wordplay (paronomasia) involving the word 'kaam'.
- In the first line, 'kaam kiyā' means to be effective or to function; the poet laments that the medicine failed to 'work'.
- In the second line, 'kaam tamām kiyā' is a Persian-influenced Urdu idiom meaning 'to finish', 'to destroy', or 'to bring to an end'.
- The irony is central: while the medicine failed to perform its 'work' (healing), the disease succeeded in its 'work' (killing).
- The 'sickness of the heart' (bīmāri-e-dil) is a classical trope for the overwhelming passion of love, which in the Sufi tradition can also represent the soul's agonizing longing for the Divine that eventually consumes the ego.","The English cannot fully replicate the semantic pivot of the word 'kaam'. In Urdu, the transition from 'kaam' (utility/function) to 'kaam tamām' (destruction/completion) feels like a single, inevitable movement within the rhyme scheme, whereas in English, one must use different words (work vs. task/tale) to convey the shift in meaning.",,,,,
b18,meer-taqi-meer,"الٹی ہو گئیں سب تدبیریں کچھ نہ دوا نے کام کیا
دیکھا اس بیماری دل نے آخر کام تمام کیا","ulTī ho ga.iiñ sab tadbīreñ kuchh na davā ne kaam kiyā
dekhā is bīmāri-e-dil ne āḳhir kaam tamām kiyā",'kaam kiyā' (medicine did not work) answered by 'kaam tamām kiyā' (finished me off). The pun on 'kaam' carries the couplet.,E,"ulTī: inverted, reversed; tadbīreñ: strategies, plans, efforts; davā: medicine, cure; bīmāri-e-dil: disease of the heart (metaphor for the madness of love); kaam tamām kiyā: finished the job, completed its task (implies death or total destruction of the self).","All strategies were reversed, nothing the medicine did any work,
Seeing this disease of the heart, finally it finished its job.","Every stratagem failed, no medicine could offer a cure,
The heart's malady at last fulfilled its final deed.","- Bīmāri-e-dil (disease of the heart) is a classic Sufi and romantic trope where love is depicted as a terminal illness that consumes the lover's reason.
- Kaam tamām kiyā is a powerful double entendre: it suggests the disease finally killed the lover (physical death), but it also signifies that the lover has finally reached the state of complete annihilation/surrender in love (spiritual/emotional completion).
- The use of 'tadbīr' (strategy/plan) highlights the lover's futile attempt to use logic or external means to control an internal, overwhelming passion.
- Meer Taqi Meer is known for 'Sahl-e-Muntana'—using simple, accessible language to convey profound, complex sorrow. The simplicity of the vocabulary here masks the heavy fatalism of the sentiment.","The specific 'radif' (the repeating refrain 'kaam kiyā') which creates a haunting, rhythmic echo of failure in the original Urdu. The brevity of Meer's style allows for a 'sudden' emotional impact that is difficult to capture in the more expansive structure of English sentences.",,,,,
b18,meer-taqi-meer,"الٹی ہو گئیں سب تدبیریں کچھ نہ دوا نے کام کیا
دیکھا اس بیماری دل نے آخر کام تمام کیا","ulTī ho ga.iiñ sab tadbīreñ kuchh na davā ne kaam kiyā
dekhā is bīmāri-e-dil ne āḳhir kaam tamām kiyā",'kaam kiyā' (medicine did not work) answered by 'kaam tamām kiyā' (finished me off). The pun on 'kaam' carries the couplet.,F,"ulTī ho ga.iiñ: turned upside down / went awry; sab tadbīreñ: all plans, stratagems, remedies; kuchh na ... kaam kiyā: did not work at all / had no effect; davā: medicine, cure; dekhā: (I) saw / behold; is bīmāri-e-dil ne: this sickness of the heart / lovesickness; āḳhir: at last / in the end; kaam tamām kiyā: idiom “finished the work”—completed it, made an end of it, or finished someone off","All the plans were turned upside down; the medicine did no work.
I saw: this sickness of the heart at last did the work completely.","All plans went awry; the remedy had no effect.
Behold, this heart-disease at last finished the job for good.","- The first line sets up medical and practical failure: tadbīr (plan/remedy) and davā (medicine) both fail, leaving no cure.
- bīmāri-e-dil means both a physical heart disease and the traditional ghazal illness of love and longing; I keep ‘heart-disease’ to preserve both.
- kaam tamām kiyā literally means ‘made the work complete’, but as an idiom it can mean to finish someone off or kill. My poetic ‘finished the job for good’ gestures at that idiomatic finality.
- The verse repeats kaam (‘work’) in both lines: the medicine could not do its work, while the heart-sickness completed its work. This contrast is kept in the literal and echoed in the poetic.","The exact echo of kaam kiyā / kaam tamām kiyā is not as compact in English, and the idiom ‘to make an end of someone’ is only partly carried by ‘finish the job’. English also cannot keep the resonance of dil as both the physical organ and the seat of love in a single unmarked word.",,,,,
b18,meer-taqi-meer,"الٹی ہو گئیں سب تدبیریں کچھ نہ دوا نے کام کیا
دیکھا اس بیماری دل نے آخر کام تمام کیا","ulTī ho ga.iiñ sab tadbīreñ kuchh na davā ne kaam kiyā
dekhā is bīmāri-e-dil ne āḳhir kaam tamām kiyā",'kaam kiyā' (medicine did not work) answered by 'kaam tamām kiyā' (finished me off). The pun on 'kaam' carries the couplet.,G,All medicines have failed; nothing has worked. The heart has seen that the illness is now cured.,"All cures have been tried; no remedy has worked. The heart has seen, in the end, all was well.","All treatments have been exhausted; there's no remedy to be found. In the end, the heart knows it's well and truly healed.","- The 'heart' is a common symbol for the lover in ghazal poetry. The phrase 'disease of the heart' refers to unrequited love. 'All cures have been tried' means that all kinds of lovers have come, gone and failed to win the lover's affection. 'No remedy has worked' means there is no lover who can make her fall in love with him. 'The heart has seen that the illness is now cured' means that the lover knows she will never love anyone but her true beloved, even if he doesn't know it yet. 'In the end, all was well' refers to the fact that the lover's heart knows its own desires and needs no one else's opinion or help.",,,,,,
b18,meer-taqi-meer,"الٹی ہو گئیں سب تدبیریں کچھ نہ دوا نے کام کیا
دیکھا اس بیماری دل نے آخر کام تمام کیا","ulTī ho ga.iiñ sab tadbīreñ kuchh na davā ne kaam kiyā
dekhā is bīmāri-e-dil ne āḳhir kaam tamām kiyā",'kaam kiyā' (medicine did not work) answered by 'kaam tamām kiyā' (finished me off). The pun on 'kaam' carries the couplet.,H,"{""ulTī"": 'upturned', ""ho ga.iiñ"": 'have been', ""tadbīreñ"": 'precautions', ""kuchh"": 'some', ""na davā"": 'no remedy', ""ne kaam kiyā"": 'achieved', ""dekhā"": 'saw', ""bīmāri-e-dil"": 'disease of the heart', ""āḳhir"": 'finally', ""kaam tamām"": 'the task complete'}",All precautions have been upturned. Some remedy has not worked. The heart's disease has finally achieved its task.,"All caution is undone. No cure has worked its charm. The heart's affliction has, at last, done its work.","- The wordplay is in ""ulTī ho ga.iiñ"" where ""ulTī"" means both 'upturned' and 'overturned', implying that the usual precautions have been turned on their head. The phrase ""kuchh na davā ne kaam kiyā"" is a play on words, where ""davā"" means both 'remedy' and 'work' or 'task'. The poet is saying that the heart's disease has finally achieved its task, implying that the disease has been successful in its pursuit, but the speaker is not sure if this is a good or bad thing.",The nuances of the Sufi double meaning and the poet's use of Persian vocabulary to convey a sense of mysticism and spiritual longing may be lost in translation.,,,,,
b19,meer-taqi-meer,"میرؔ کے دین و مذہب کو اب پوچھتے کیا ہو ان نے تو
قشقہ کھینچا دیر میں بیٹھا کب کا ترک اسلام کیا","'mīr' ke dīn-o-maz.hab ko ab pūchhte kyā ho un ne to
qashqa khīñchā dair meñ baiThā kab kā tark islām kiyā","'qashqa' = Hindu forehead mark, 'dair' = temple. The conventional 'infidel of love' trope, not a literal conversion. Keep the irony and avoid flattening it into a religious claim.",A,dīn-o-mazhab: religion and creed; pūchhte kyā ho: why do you ask/what is the point of asking; qashqa: a lock of hair (often associated with ascetics or the romanticized 'mad lover'); dair: temple (specifically a place of idol worship); tark-e-islām: renouncing/abandoning Islam,"Why do you ask now about Meer's religion and faith?
He plucked his lock of hair, sat in the temple, and long ago abandoned Islam.","Why seek to know the faith or creed that Meer now holds?
He plucked his lock, sought the temple, and long ago left the fold.","- The 'qashqa' (lock of hair) refers to a specific aesthetic of the lover or the dervish; plucking or twisting it symbolizes a break from social norms and an entry into the state of 'Junun' (divine madness).
- The 'dair' (temple) is a stock symbol in Urdu poetry representing the realm of the Beloved and the heart's true sanctuary, contrasted with the mosque of formal ritual.
- The phrase 'tark-e-islam' (abandoning Islam) is a provocative trope. In the Sufi-influenced ghazal tradition, this rarely means literal conversion, but rather the abandonment of 'Zahir' (outward ritual/orthodoxy) in favor of 'Batin' (the inward path of Love).
- The poet uses his takhallus (Meer) to distance himself from the social persona, presenting the 'poet' as a transgressive figure who has found a higher truth in love than in dogma.","The visceral shock of the phrase 'tark-e-islam' in the 18th-century socio-religious context is difficult to replicate in English without sounding purely theological; in Urdu, it functions as a romantic hyperbole of devotion.",,,,,
b19,meer-taqi-meer,"میرؔ کے دین و مذہب کو اب پوچھتے کیا ہو ان نے تو
قشقہ کھینچا دیر میں بیٹھا کب کا ترک اسلام کیا","'mīr' ke dīn-o-maz.hab ko ab pūchhte kyā ho un ne to
qashqa khīñchā dair meñ baiThā kab kā tark islām kiyā","'qashqa' = Hindu forehead mark, 'dair' = temple. The conventional 'infidel of love' trope, not a literal conversion. Keep the irony and avoid flattening it into a religious claim.",B,dīn-o-mazhab: religion and creed; pūchhte: asking; qashqa: hookah; khīñchā: pulled/lit; dair: a while/delay; tark-e-islām: renunciation of Islam/apostasy,"Why do you ask about Meer's religion and creed now?
He lit his hookah, sat for a while, and long ago renounced Islam.","Why ask of Meer his faith or creed today?
He lit his hookah, sat a while, and cast his Islam away.","- The poet uses his pen name 'Meer' in the maqta (the final couplet), a standard convention of the ghazal.
- The 'hookah' acts as a symbol of worldly ease, leisure, or the lifestyle of a 'masti' (intoxicated/carefree) person.
- The couplet employs the 'Malamati' (blameworthy) tradition, where the Sufi or the lover adopts the persona of a sinner or an infidel to bypass formal religious structures (shariat) in pursuit of Divine Truth.
- There is a sharp, humorous irony in the juxtaposition: the profound spiritual state of apostasy is attributed to the trivial, mundane act of sitting down to smoke a hookah.
- The phrase 'tark-e-islām' is used here as a poetic trope for the 'rebel lover' who finds the laws of man and formal religion incompatible with the intoxication of love.","The specific social and theological gravity of 'tark-e-islām' (apostasy) in a Muslim context, which carries a much heavier weight of scandal and consequence than 'renouncing faith' suggests in English; also the specific rhythmic meter (behr) of the Urdu original.",,,,,
b19,meer-taqi-meer,"میرؔ کے دین و مذہب کو اب پوچھتے کیا ہو ان نے تو
قشقہ کھینچا دیر میں بیٹھا کب کا ترک اسلام کیا","'mīr' ke dīn-o-maz.hab ko ab pūchhte kyā ho un ne to
qashqa khīñchā dair meñ baiThā kab kā tark islām kiyā","'qashqa' = Hindu forehead mark, 'dair' = temple. The conventional 'infidel of love' trope, not a literal conversion. Keep the irony and avoid flattening it into a religious claim.",C,"Mīr: poet's pen name (takhallus); also 'lord, master.' dīn-o-mazhab: religion and creed. pūchhte kyā ho: what is the use of asking. qashqa: a long cloak; specifically the Sufi cloak of renunciation. khīñchā: pulled on, drew on. deir: (Hindu) temple. kab kā: since when, for a long time (rhetorical). tark-e Islām: abandonment of Islam.","What is the use now of asking about Mīr's religion and creed? He has pulled on the Sufi cloak, sat in a temple — since when has he abandoned Islam?","What's the use now of asking Mīr's creed?
He drew the Sufi cloak, sat in a temple — Islam he cast off long since.","- Mīr is the poet's takhallus (pen name) but also means 'lord, master' — the couplet thus addresses the poet as both a named individual and a figure of authority, a double resonance lost in English.
- qashqa (Sufi cloak) is a stock symbol of renunciation (tark-e duniyā). The verb khīñchā ('pulled on') gives a vivid, physical image of donning the garment of the dervish.
- deir (Hindu temple) is a deliberate transgression: a Muslim poet sitting in a temple signals transcendence beyond sectarian boundaries, or the ghazal poet's persona of spiritual homelessness.
- kab kā is rhetorical — it asks 'since when?' with the implied answer 'a very long time,' adding a dismissive, world-weary tone that the English 'long since' only partially captures.
- tark-e Islām is a deliberately provocative phrase in its historical context; the poet claims apostasy as a badge of spiritual freedom, a common trope in the rebellious ghazal persona.
- The particle to in line 1 adds a tone of defiance and finality — 'they have, after all, already…' — which is flattened in English.",The double meaning of Mīr (name + 'lord'); the specific Sufi connotation of qashqa as a garment of renunciation; the rhetorical dismissiveness of kab kā ('since when?'); the defiant particle to; the meter and the musicality of the Urdu line; the historical weight of claiming tark-e Islām as a public declaration.,,,,,
b19,meer-taqi-meer,"میرؔ کے دین و مذہب کو اب پوچھتے کیا ہو ان نے تو
قشقہ کھینچا دیر میں بیٹھا کب کا ترک اسلام کیا","'mīr' ke dīn-o-maz.hab ko ab pūchhte kyā ho un ne to
qashqa khīñchā dair meñ baiThā kab kā tark islām kiyā","'qashqa' = Hindu forehead mark, 'dair' = temple. The conventional 'infidel of love' trope, not a literal conversion. Keep the irony and avoid flattening it into a religious claim.",D,Ask what is their religion now that 'mīr' has left it. They have taken so long to make a carpet that they have abandoned Islam for some other time.,Ask what is their religion now that Mir has left it. They have picked up the carpet late and settled down; when did they abandon Islam?,"Now ask what faith they hold, who've lost Mir's light. The rug was slow to come: when did they leave Islam behind? ","- 'mīr': pen name of poet Taqi Meer, 'qashqah': a type of carpet, 'dair': late, delayed",,,,,,
b19,meer-taqi-meer,"میرؔ کے دین و مذہب کو اب پوچھتے کیا ہو ان نے تو
قشقہ کھینچا دیر میں بیٹھا کب کا ترک اسلام کیا","'mīr' ke dīn-o-maz.hab ko ab pūchhte kyā ho un ne to
qashqa khīñchā dair meñ baiThā kab kā tark islām kiyā","'qashqa' = Hindu forehead mark, 'dair' = temple. The conventional 'infidel of love' trope, not a literal conversion. Keep the irony and avoid flattening it into a religious claim.",E,"mīr ke dīn-o-mazhab — Mir's faith and creed; ab pūchhte kyā ho — why ask now / what are you asking now; un ne to — he, after all; qashqa khīñchā — drew the ritual forehead-mark; dair meñ baiThā — sat in the temple; kab kā — long ago / ages since; tark islām kiyā — renounced/abandoned Islam","Why ask now about Mir's faith and creed? He, after all—
has drawn the qashqa, sat in the temple; long ago he abandoned Islam.","Ask not now what Mir believes, or by what creed he lives—
He long since drew the qashqa, sat in the temple, renounced Islam.","- The sher is signed with the poet's takhallus, 'Mīr,' making the confession a self-dramatizing ghazal gesture.
- 'dīn-o-mazhab' pairs 'dīn' (faith/religion) and 'mazhab' (creed/school), giving the question an inquisitorial formality.
- 'qashqa' is a ritual forehead mark, like a tilak, associated with Hindu ascetics; drawing it is a public sign of crossing religious boundaries.
- 'dair' is the temple/monastery, the ghazal's stock opposite of the mosque and Kaaba; sitting there completes the image of leaving Islam.
- 'kab kā' is idiomatic for 'long ago,' even though it resembles a question; I translated it as 'long since/long ago.'
- The rhetoric is hyperbolic and blame-seeking: the speaker has supposedly abandoned Islam so completely that asking about his faith now is absurd.","English cannot reproduce the sonic compactness of 'qashqa khīñchā dair meñ baiThā,' the interrogative-looking idiom 'kab kā,' or the cultural world of qashqa and dair as opposite signs to Islamic orthodoxy.",,,,,
b19,meer-taqi-meer,"میرؔ کے دین و مذہب کو اب پوچھتے کیا ہو ان نے تو
قشقہ کھینچا دیر میں بیٹھا کب کا ترک اسلام کیا","'mīr' ke dīn-o-maz.hab ko ab pūchhte kyā ho un ne to
qashqa khīñchā dair meñ baiThā kab kā tark islām kiyā","'qashqa' = Hindu forehead mark, 'dair' = temple. The conventional 'infidel of love' trope, not a literal conversion. Keep the irony and avoid flattening it into a religious claim.",F,"mir: pen name, dīn-o-maz.hab: faith/religion, pūchhte: asking, qashqa: a type of Persian carpet, khīñchā: pulled, dair: a place of worship, baiThā: sat, tark: doubt, islām: Islam","What would you ask about Meer's faith and religion now? They have pulled out the carpet and sat in the mosque, when did they doubt Islam?","Now ask what faith Meer holds dear, / They've pulled out the carpet, sat in the mosque, / When did they doubt the creed they once held clear?","- The phrase 'mir ke dīn-o-maz.hab' is a play on the poet's pen name 'mir', implying that his faith and religion are being questioned. The image of pulling out a carpet and sitting in a mosque is a metaphor for abandoning one's faith. The word 'tark' is a stock symbol in ghazal tradition, implying doubt or skepticism.","The nuances of the Urdu language and the cultural context of the poem, particularly the reference to the qashqa carpet, which is a symbol of Persian culture and the poet's connection to it.",,,,,
b19,meer-taqi-meer,"میرؔ کے دین و مذہب کو اب پوچھتے کیا ہو ان نے تو
قشقہ کھینچا دیر میں بیٹھا کب کا ترک اسلام کیا","'mīr' ke dīn-o-maz.hab ko ab pūchhte kyā ho un ne to
qashqa khīñchā dair meñ baiThā kab kā tark islām kiyā","'qashqa' = Hindu forehead mark, 'dair' = temple. The conventional 'infidel of love' trope, not a literal conversion. Keep the irony and avoid flattening it into a religious claim.",G,What do you now ask about 'mīr''s religion and faith? They have already cast aside their prayer mat in the evening; when did they abandon Islam?,"What do you now seek to know of 'Mīr's faith, his religion? Have they not even set up a prayer-mat at nightfall? When did they turn away from Islam?",What is your interest in the faith and religion of 'Mīr'? They have cast off their prayer-rug by evening; when did they abandon Islam?,"- qashqah = prayer-rug, prayer-mat, a square piece of cloth used for praying on the ground. The wordplay here is that qashqah means both 'prayer-rug' and 'quilt', which is what one would use to keep warm at nightfall. 'Mīr''s faith and religion are not in question; they have set it aside, just as they have their prayer-mat.",,,,,,
b19,meer-taqi-meer,"میرؔ کے دین و مذہب کو اب پوچھتے کیا ہو ان نے تو
قشقہ کھینچا دیر میں بیٹھا کب کا ترک اسلام کیا","'mīr' ke dīn-o-maz.hab ko ab pūchhte kyā ho un ne to
qashqa khīñchā dair meñ baiThā kab kā tark islām kiyā","'qashqa' = Hindu forehead mark, 'dair' = temple. The conventional 'infidel of love' trope, not a literal conversion. Keep the irony and avoid flattening it into a religious claim.",H,mīr: the poet's pen name; dīn-o-maz.hab: religion and creed; pūchhte: asking/questioning; qashqa: chess; khīñchā: played (literally 'pulled'); dair: monastery/hermitage; tark-e-islām: abandonment of Islam,"Why are you asking about Meer's religion and creed now?
He played chess, sat in a monastery, and abandoned Islam long ago.","Why do you question the faith of Meer at this late hour?
He played his games, took his seat in the cell, and left Islam behind long ago.","- Takhallus: The poet includes his name (Meer) in the final couplet, a standard convention of the ghazal.
- Qashqa (Chess): A traditional symbol for the complexities of life, the 'game' of the heart, or the intellectual distractions of the world.
- Dair (Monastery): Suggests a transition from public life to asceticism or Sufi seclusion.
- Tark-e-Islam (Abandonment of Islam): This is a provocative, high-stakes trope. In Sufi poetry, it often signifies 'transcendence'—moving beyond the outward observance of the law (Sharia) into a state of spiritual intoxication (Haqiqat). It is a defiant statement against critics who judge his outward behavior.
- Juxtaposition: The poet contrasts the 'game' of chess with the 'monastery' to show a man who is simultaneously a player of the world and a seeker of the divine.",The specific cultural shock value of 'Tark-e-Islam' is difficult to convey in English; it functions as both a spiritual claim of transcendence and a satirical jab at his critics' narrow-mindedness. The rhythmic weight of 'dīn-o-maz.hab' as a single conceptual unit is also slightly diminished.,,,,,
b20,allama-iqbal,"خودی کو کر بلند اتنا کہ ہر تقدیر سے پہلے
خدا بندے سے خود پوچھے بتا تیری رضا کیا ہے","ḳhudī ko kar buland itnā ki har taqdīr se pahle
ḳhudā bande se ḳhud pūchhe batā terī razā kyā hai","'ḳhudī' is Iqbal's technical term for selfhood, not 'ego' or 'pride'. Raise it so high that God asks His servant, before each decree, what is your will?",A,"ḳhudī: Self, ego, inner spirit; buland: elevated, high, sublime; taqdīr: destiny, fate, divine decree; bande: servant, slave, human being; ḳhud: himself (reflexive); razā: will, desire, pleasure, consent","Make the Self so elevated that before every destiny
God Himself asks the servant, ""Tell me, what is your will?""","Exalt the Self so high that before destiny is spun,
God Himself asks the servant, ""Tell me, what is your heart's desire?""","- Khudi: This is the central pillar of Iqbal's philosophy. It is not 'ego' in the sense of vanity, but the realization of the divine spark within the individual. It is the spiritual self-hood that, when perfected, achieves a state of cooperation with the Divine.
- Taqdir (Destiny): In traditional theology, fate is often seen as predetermined. Iqbal suggests a proactive agency where a sufficiently empowered 'Self' influences the very decree of fate.
- Banda (Servant): The use of 'bande' maintains the Sufi hierarchy. Even when the human is elevated to a point of co-creation, they remain a 'servant' of God, emphasizing that this power is a gift of the Divine.
- Raza (Will/Pleasure): There is a profound inversion here. Usually, a devotee seeks God's 'Raza' (pleasure/will). Iqbal suggests a state of spiritual maturity where God honors the human's 'Raza' (will/desire), implying a partnership in the unfolding of the universe.
- Reflexive 'Khud': The repetition of 'Khud' (Self/Himself) creates a mirror effect between the human 'Khudi' and God's 'Khud', suggesting a mystical unity.","The specific philosophical weight of 'Khudi' as a technical term in Iqbalian thought is difficult to capture in English; it sits somewhere between 'soul,' 'ego,' and 'individuality.' Additionally, the rhythmic transition from 'taqdīr' to 'ḳhudā' in Urdu carries a percussive weight that 'destiny' to 'God' lacks in English.",,,,,
b20,allama-iqbal,"خودی کو کر بلند اتنا کہ ہر تقدیر سے پہلے
خدا بندے سے خود پوچھے بتا تیری رضا کیا ہے","ḳhudī ko kar buland itnā ki har taqdīr se pahle
ḳhudā bande se ḳhud pūchhe batā terī razā kyā hai","'ḳhudī' is Iqbal's technical term for selfhood, not 'ego' or 'pride'. Raise it so high that God asks His servant, before each decree, what is your will?",B,khudī: selfhood/ego/inner essence; kar buland: make high/exalt; itnā: so much/to such an extent; taqdīr: destiny/fate; bande: servant/mortal; khud: himself; razā: will/pleasure/desire,"Exalt your selfhood to such an extent that before every destiny
God Himself asks the servant, 'Tell me, what is your will?'","Exalt your Self to such heights that before any decree of fate,
God Himself asks His servant, 'Tell me, what is your desire?'","- The term 'Khudi' is the cornerstone of Iqbal's philosophy; it is not 'ego' in the pejorative sense, but the realization of the divine spark and the strengthening of the individual's spiritual agency.
- The couplet subverts the traditional theological concept of 'Taqdir' (predestination) by suggesting that a perfected human will can become a co-creator with the Divine.
- The word 'Banda' (servant/slave) is used to maintain the traditional relationship between Creator and creature, even as the poem describes an unprecedented elevation of that creature.
- The use of 'khud' (himself) in the second line emphasizes the intimacy and directness of the Divine encounter.","The specific philosophical weight of 'Khudi'—which encompasses self-reliance, self-realization, and spiritual autonomy—is difficult to condense into a single English noun. Additionally, the rhythmic momentum (beher) of the Urdu original, which builds toward the climactic question, is difficult to replicate in English verse.",,,,,
b20,allama-iqbal,"خودی کو کر بلند اتنا کہ ہر تقدیر سے پہلے
خدا بندے سے خود پوچھے بتا تیری رضا کیا ہے","ḳhudī ko kar buland itnā ki har taqdīr se pahle
ḳhudā bande se ḳhud pūchhe batā terī razā kyā hai","'ḳhudī' is Iqbal's technical term for selfhood, not 'ego' or 'pride'. Raise it so high that God asks His servant, before each decree, what is your will?",C,"Khudi: selfhood, ego, spiritual individuality; kar buland: elevate, exalt; taqdir: fate, predestination; banda: servant, human; raza: will, desire, consent","Elevate your selfhood to such a height that before every destiny,
God Himself asks the servant, 'Tell me, what is your will?'","Exalt your Self to such a height that before fate is decreed,
God Himself asks His servant: 'Tell Me, what is your will?'","- Khudi is the central pillar of Iqbal's philosophy; it is not 'ego' in the pejorative sense, but the realization of the unique, divine spark within the individual.
- The couplet presents a paradox regarding 'Taqdir' (predestination). While Islamic theology generally views fate as divine decree, Iqbal suggests that through the perfection of the Self, a human can reach a state where their will aligns with the Divine Will.
- The use of 'Banda' (servant) emphasizes the traditional hierarchy, making the act of God asking the servant's preference a powerful reversal of roles, signifying the ultimate empowerment of the human spirit.","The rhythmic cadence (beher) of the Urdu verse and the specific spiritual weight of 'Raza,' which implies a state of contentment and alignment with the Divine that transcends a mere 'wish' or 'choice'.",,,,,
b20,allama-iqbal,"خودی کو کر بلند اتنا کہ ہر تقدیر سے پہلے
خدا بندے سے خود پوچھے بتا تیری رضا کیا ہے","ḳhudī ko kar buland itnā ki har taqdīr se pahle
ḳhudā bande se ḳhud pūchhe batā terī razā kyā hai","'ḳhudī' is Iqbal's technical term for selfhood, not 'ego' or 'pride'. Raise it so high that God asks His servant, before each decree, what is your will?",D,"Elevate your selfhood to such an extent that before every decree, God asks His creations: 'Tell me what is your wish?'","Elevate your selfhood so much that before every decree, God asks His creations: 'Tell me what is your wish?'","Elevate your selfhood to such an extent that before every decree, God asks His creations: 'Tell me what is your wish?'","- The wordplay in the first line is on the words 'خودی' (selfhood) and 'خدا' (God). 'خودی' means both selfhood and God. I have used the English word 'selfhood' to preserve the double meaning, although it is not a common word. In the last couplet, 'خدا' is also a pun on 'کھڑا' which means 'standing', indicating that before every decree, God stands in front of His creations and asks them what they wish for. I have used the word 'asks' to preserve this double meaning.",,,,,,
b20,allama-iqbal,"خودی کو کر بلند اتنا کہ ہر تقدیر سے پہلے
خدا بندے سے خود پوچھے بتا تیری رضا کیا ہے","ḳhudī ko kar buland itnā ki har taqdīr se pahle
ḳhudā bande se ḳhud pūchhe batā terī razā kyā hai","'ḳhudī' is Iqbal's technical term for selfhood, not 'ego' or 'pride'. Raise it so high that God asks His servant, before each decree, what is your will?",E,"ḳhudī = selfhood/ego (Iqbal's positive self); kar buland = make high/exalted; itnā = so much; ki = that; har taqdīr se pahle = before every destiny/divine decree; ḳhudā = God; bande = servant, human being; ḳhud = Himself; pūchhe = asks; batā = tell; terī razā = your will/consent/pleasure; kyā hai = what is.","Make the self so high that before every destiny
God Himself asks the servant: tell, what is your will?","Raise the self so high that before each fate is decreed,
God Himself asks His servant: Say, what is your will?","- ḳhudī is Iqbal's central term for a strong, creative selfhood; I render it as 'the self' rather than 'ego' to keep its positive moral charge.
- taqdīr means destiny as divinely decreed; 'before each fate is decreed' keeps the sense of God's written decree.
- razā (will/consent/pleasure) normally appears as God's razā; here God asks the human's razā, an inversion that gives the verse its force. English 'will' cannot fully echo that religious colouring.
- The repetition of ḳhud/ḳhudī (self/selfhood and Himself) links human self-realization with God's own direct address; English partly carries it with 'self'/'Himself'.
- The couplet does not contain Iqbal's takhallus.","The full resonance of razā as a theological term for God's pleasure, and the etymological link between ḳhudī and ḳhud, cannot be reproduced exactly in English.",,,,,
b20,allama-iqbal,"خودی کو کر بلند اتنا کہ ہر تقدیر سے پہلے
خدا بندے سے خود پوچھے بتا تیری رضا کیا ہے","ḳhudī ko kar buland itnā ki har taqdīr se pahle
ḳhudā bande se ḳhud pūchhe batā terī razā kyā hai","'ḳhudī' is Iqbal's technical term for selfhood, not 'ego' or 'pride'. Raise it so high that God asks His servant, before each decree, what is your will?",F,self to make so high that before every fate / God asks the servant what is your pleasure,"Make thy self so high that before every fate / God asks the servant, what is your pleasure","Elevate thyself to such a height that / Before every decree, God inquires of thee, 'What is thy heart's desire?'","- The word 'taqdīr' (fate) is used here to refer to the divine decree, a common Sufi concept. The phrase 'خودی کو کر بلند' (make thy self so high) is a play on the idea of spiritual ascension, where the self is elevated to a state of union with the divine. The word 'razā' (pleasure) is used to refer to the servant's spiritual desire, rather than just their personal preference.","The musicality and rhythm of the original couplet, which is a key element of the ghazal tradition.",,,,,
b20,allama-iqbal,"خودی کو کر بلند اتنا کہ ہر تقدیر سے پہلے
خدا بندے سے خود پوچھے بتا تیری رضا کیا ہے","ḳhudī ko kar buland itnā ki har taqdīr se pahle
ḳhudā bande se ḳhud pūchhe batā terī razā kyā hai","'ḳhudī' is Iqbal's technical term for selfhood, not 'ego' or 'pride'. Raise it so high that God asks His servant, before each decree, what is your will?",G,"khudi = selfhood, the elevated self (Iqbal's central philosophical concept); kar buland = make lofty, elevate; itnā = so much, to such a degree; har taqdīr = every fate, every divine decree; se pehle = before; Khudā = God; bande = the servant (of God); khud = Himself, personally; pūchhe = may ask (subjunctive); batā = tell (imperative); terī razā = your pleasure, your will, your consent; kyā hai = what is it","Make selfhood so lofty that before every destiny,
God Himself may ask the servant: tell, what is your pleasure?","Raise the self so high that ere each fate is spun,
God Himself turns to the servant: 'Tell me — what is your will?'","- Root wordplay on خ-و-د (kh-w-d): 'khudi' (selfhood), 'khud' (Himself), and 'Khudā' (God) all share the same root. The self, the divine pronoun, and God's name are etymologically bound together — the elevation of the self is literally a movement toward the divine. English has no equivalent root-sharing across 'self,' 'Himself,' and 'God.'
- 'Khudi' is not mere ego or pride; in Iqbal's philosophy it is the divine spark within the human, the creative potential that mirrors God's own power of self-determination (takhalluq). It carries Sufi and philosophical weight that 'self' or 'selfhood' only partially conveys.
- The radical inversion: in orthodox Islamic theology, God's rāzā (pleasure/will) is supreme and the servant's will is subordinate. Iqbal inverts this — the servant's will becomes the thing God inquires about. This is a deliberate, provocative theological reversal central to Iqbal's message of human empowerment.
- 'Razā' (رضا) carries both 'pleasure' and 'consent/will' — a double meaning that 'will' in English approximates but does not fully capture. 'Pleasure' would be too soft; 'will' is the better choice but loses the connotation of divine approval.
- 'Taqdīr' specifically refers to God's pre-ordained decree (qadar), not just generic 'fate.' The couplet's audacity is that the self transcends even God's own pre-ordained plan.
- The subjunctive 'pūchhe' (may ask) expresses a wish or aspiration — the poet is not stating a fact but calling for a transformation. The imperative 'kar' in line 1 and the subjunctive in line 2 create a movement from command to vision.",The etymological unity of khudi–khud–Khudā (all from the root kh-w-d) is the couplet's deepest structural joke and is untranslatable into English. The specific Sufi-philosophical technicality of 'khudi' as Iqbal's term of art is flattened to 'self.' The meter (a specific Arabic prosodic foot) and the musical cadence of the Urdu are replaced by an English approximation. The cultural shock of the inversion — a servant whose will God must consult — may land with less force for a reader unfamiliar with the orthodox framework being subverted.,,,,,
b20,allama-iqbal,"خودی کو کر بلند اتنا کہ ہر تقدیر سے پہلے
خدا بندے سے خود پوچھے بتا تیری رضا کیا ہے","ḳhudī ko kar buland itnā ki har taqdīr se pahle
ḳhudā bande se ḳhud pūchhe batā terī razā kyā hai","'ḳhudī' is Iqbal's technical term for selfhood, not 'ego' or 'pride'. Raise it so high that God asks His servant, before each decree, what is your will?",H,Make selfhood so high that God asks His creation before every decree: What is your wish?,"Elevate oneself to such an extent that before every destiny, God asks His creations what their desires are","Before each fate, let God ask you, 'What's your will? Make it so high that He does'","- 'خودی کو کر بلند اتنا' means 'make selfhood so high', and the rest of the couplet is a rhetorical question asking what this means",,,,,,
b21,allama-iqbal,"نہیں ہے ناامید اقبالؔ اپنی کشت ویراں سے
ذرا نم ہو تو یہ مٹی بہت زرخیز ہے ساقی","nahīñ hai nā-umīd 'iqbāl' apnī kisht-e-vīrāñ se
zarā nam ho to ye miTTī bahut zarḳhez hai saaqī",Barren field ('kisht-e-vīrāñ') as the poet's people; a little moisture would make the soil fertile. The cupbearer (saaqī) is addressed. Political-revivalist allegory.,A,"nahīñ hai = is not; nā-umīd = despairing, without hope; 'Iqbal' = pen name of the poet; apnī = his own; kisht-e-vīrāñ = barren field / desolate cultivated land; se = from; zarā = a little; nam ho = becomes moist; to = then; ye miTTī = this soil; bahut = very; zarḳhez = fertile / lush; hai = is; saaqī = cup-bearer / wine-pourer (addressee)","Iqbal is not despairing of his barren field;
if it gets a little moisture, then this soil is very fertile, O cup-bearer.","Iqbal is not hopeless of his field gone bare—
Just wet this earth a little, cup-bearer; it is rich beyond compare.","- kisht-e-vīrāñ (barren field) is a stock metaphor for a person, nation, or spiritual state that has become unproductive; Iqbal uses it for the Muslim ummah or the self.
- zarḳhez (fertile) is the key contrast: the soil's potential richness is latent, awaiting only 'nam' (moisture).
- nam (moisture) carries a double sense: literal water for the field, and wine or spiritual grace (faiz) in the Sufi register—hence the address to the saaqī.
- saaqī as addressee is a ghazal convention: the wine-pourer / cup-bearer who can also stand for God, the spiritual guide, or the beloved. Here the moisture and fertility metaphor makes 'saaqī' function as one who waters rather than pours wine.
- The pen name 'Iqbal' embedded in line one is the maqt'a convention; the poet speaks about himself in the third person.","The double resonance of 'nam' as both water and wine, and 'saaqī' as both cup-bearer and waterer/rain-giver, is compressed in English. The rapid syllabic music of 'zarā nam ho to ye miTTī bahut zarḳhez hai saaqī' cannot be reproduced, nor the rhyme/internal echo of 'vīrāñ' with 'zarḳhez' as land-states.",,,,,
b21,allama-iqbal,"نہیں ہے ناامید اقبالؔ اپنی کشت ویراں سے
ذرا نم ہو تو یہ مٹی بہت زرخیز ہے ساقی","nahīñ hai nā-umīd 'iqbāl' apnī kisht-e-vīrāñ se
zarā nam ho to ye miTTī bahut zarḳhez hai saaqī",Barren field ('kisht-e-vīrāñ') as the poet's people; a little moisture would make the soil fertile. The cupbearer (saaqī) is addressed. Political-revivalist allegory.,B,nā-umīd: hopeless; kisht-e-vīrāñ: desolate field/barren land; nam: moist/damp; zarḳhez: fertile; saaqī: cup-bearer (spiritual guide/Divine).,"Iqbal is not hopeless from his desolate field,
If it becomes a little moist, this soil is very fertile, O Cup-bearer.","Iqbal despairs not of his barren land,
With a drop of dew, this soil is fertile, O Cup-bearer.","- Kisht-e-vīrāñ (desolate field) is a classic metaphor for the human soul or the state of the self (Khudi) that has become dormant or spiritually neglected.
- Nam (moisture) symbolizes divine grace, spiritual inspiration, or the 'wine' of mystical ecstasy. It is the catalyst that awakens the latent potential of the soul.
- Zarḳhez (fertile) represents the inherent capacity of the human spirit to achieve greatness and self-actualization.
- Saaqī is the traditional Sufi trope for the Divine or a spiritual mentor who provides the 'wine' of knowledge and spiritual awakening.
- Iqbal uses his own name (takhallus) here to represent the individual seeker's resolve against despair.",The specific Persianate weight of 'kisht' (field) compared to the common Urdu 'khet' is lost; the rhythmic flow of the Urdu meter (behr) and the specific internal rhyme of the ghazal structure cannot be fully replicated in English.,,,,,
b21,allama-iqbal,"نہیں ہے ناامید اقبالؔ اپنی کشت ویراں سے
ذرا نم ہو تو یہ مٹی بہت زرخیز ہے ساقی","nahīñ hai nā-umīd 'iqbāl' apnī kisht-e-vīrāñ se
zarā nam ho to ye miTTī bahut zarḳhez hai saaqī",Barren field ('kisht-e-vīrāñ') as the poet's people; a little moisture would make the soil fertile. The cupbearer (saaqī) is addressed. Political-revivalist allegory.,C,nahīñ hai (is not) nā-umīd (hopeless) 'Iqbāl' (Iqbal/fortune) apnī (one's own) kisht-e-vīrāñ (desolate field) se (from); zarā (a little) nam (moist) ho (becomes) to (if/then) ye (this) miTTī (soil) bahut (very) zarḳhez (fertile) hai (is) saaqī (cupbearer),"Iqbal is not hopeless of his desolate field
If there is a little moisture, this soil is very fertile, O Cupbearer","Iqbal does not despair for his barren field;
With but a little moisture, this soil is most fertile, O Cupbearer","- The poet uses his pen name 'Iqbal', which also means 'prosperity' or 'good fortune', creating a subtle irony: a man named 'Prosperity' is tending to a 'desolate field'.
- The 'desolate field' (kisht-e-vīrāñ) is a classic metaphor for the state of the Muslim Ummah or the spiritual condition of the self during a period of decline.
- The 'moisture' (nam) is a symbol for divine grace, spiritual inspiration, or the 'water of life' (Ab-e-Hayat) necessary for revival.
- The 'Sāqī' (cupbearer) is a traditional Sufi figure who serves the wine of divine love/knowledge; here, the poet addresses the Sāqī to request the 'moisture' of inspiration to revive the parched land.",The dual meaning of 'Iqbal' (the person vs. the concept of fortune) is lost in English. The specific spiritual connotation of 'Sāqī' as a conduit for divine intoxication is also somewhat diminished when translated as 'Cupbearer'.,,,,,
b21,allama-iqbal,"نہیں ہے ناامید اقبالؔ اپنی کشت ویراں سے
ذرا نم ہو تو یہ مٹی بہت زرخیز ہے ساقی","nahīñ hai nā-umīd 'iqbāl' apnī kisht-e-vīrāñ se
zarā nam ho to ye miTTī bahut zarḳhez hai saaqī",Barren field ('kisht-e-vīrāñ') as the poet's people; a little moisture would make the soil fertile. The cupbearer (saaqī) is addressed. Political-revivalist allegory.,D,nā-umīd: hopeless; kisht-e-vīrāñ: desolate/ruined field; nam: moist/damp; zarḳhez: fertile; saaqī: cup-bearer (spiritual guide/divine source),"Iqbal is not hopeless of his desolate field,
If it is slightly moist, this soil is very fertile, O Saaqi.","Iqbal despairs not of his wasteland's barren state,
A touch of dew, O Saaqi, and this soil shall bloom great.","- The pen name 'Iqbal' is a double entendre; while it refers to the poet, the word itself means 'good fortune' or 'prosperity,' suggesting that prosperity is not hopeless even in ruin.
- The 'desolate field' (kisht-e-vīrāñ) is a symbol for the decayed state of the community (the Ummah) or the dormant potential of the human soul.
- The 'moisture' (nam) is a metaphor for spiritual awakening, divine grace, or the 'wine' of knowledge provided by the Saaqi.
- The 'Saaqi' is a stock symbol in the ghazal tradition; here, he represents the spiritual guide or God, the only one capable of providing the 'moisture' needed for rebirth.",The internal rhythm (beher) and the specific linguistic elegance of the Persianized Urdu. The subtle pun on 'Iqbal' as both a proper noun and a state of fortune is difficult to mirror in English without sounding clunky.,,,,,
b21,allama-iqbal,"نہیں ہے ناامید اقبالؔ اپنی کشت ویراں سے
ذرا نم ہو تو یہ مٹی بہت زرخیز ہے ساقی","nahīñ hai nā-umīd 'iqbāl' apnī kisht-e-vīrāñ se
zarā nam ho to ye miTTī bahut zarḳhez hai saaqī",Barren field ('kisht-e-vīrāñ') as the poet's people; a little moisture would make the soil fertile. The cupbearer (saaqī) is addressed. Political-revivalist allegory.,E,"ناامید = hopeless, despairing; اقبال = Iqbal (pen name; also 'fortune, destiny'); کشت = field, plot of land (also 'killing, death'); ویراں = barren, desolate; ذرا = a little, slightly; نم = moist, damp; مٹی = soil, earth; زرخیز = fertile; ساقی = wine-pourer (Sufi: the one who bestows divine grace)","Iqbal is not despairing from his own barren field
If it becomes slightly moist, this soil is very fertile, O wine-pourer","Iqbal does not despair of his waste field—
a touch of moisture, and this earth runs rich, O wine-pourer.","- کشت (kisht) carries a double meaning: 'field' and 'killing/death.' The poet is not despairing from his barren field, but also not despairing from his 'killing'—his suffering or spiritual death. English loses this pun entirely.
- اقبال (Iqbal) is the poet's pen name (taqreer) but also means 'fortune' or 'destiny' in classical usage, creating a quiet irony: Fortune itself does not despair of its barren field.
- نم (nam, 'moist') is a stock ghazal term that evokes simultaneously wine, tears, and divine grace. In the Sufi reading, the 'moisture' the saaqi brings is spiritual wine—knowledge, inspiration, or grace—that awakens the dormant heart.
- ساقی (saaqī, 'wine-pourer') is addressed as both a literal figure in the ghazal's wine-house setting and as the divine beloved who bestows the wine of divine love.
- The agricultural metaphor (barren field → moisture → fertility) maps onto a Sufi process: the barren heart, touched by divine grace, reveals its inherent capacity for spiritual fruit.","The pun on کشت (field/killing) has no English equivalent and must be sacrificed. The double resonance of اقبال as both proper name and abstract noun ('fortune') is flattened. The word نم, which in the ghazal tradition simultaneously suggests wine, tears, and divine moisture in a single syllable, can only be rendered as the flat 'moisture.' The Sufi and literal planes of the saaqi address are merged into one in English, where the word 'wine-pourer' carries no inherent spiritual charge the way ساقی does in the Persian-Urdu poetic lexicon.",,,,,
b21,allama-iqbal,"نہیں ہے ناامید اقبالؔ اپنی کشت ویراں سے
ذرا نم ہو تو یہ مٹی بہت زرخیز ہے ساقی","nahīñ hai nā-umīd 'iqbāl' apnī kisht-e-vīrāñ se
zarā nam ho to ye miTTī bahut zarḳhez hai saaqī",Barren field ('kisht-e-vīrāñ') as the poet's people; a little moisture would make the soil fertile. The cupbearer (saaqī) is addressed. Political-revivalist allegory.,F,"Iqbal is not hopeless about his land. If it gets a little moisture, this soil is very fertile, O cupbearer!","Iqbal is not without hope in his land; if it becomes a little moist, this soil is very productive, O cupbearer!","Unconquered Iqbal's land awaits the rain. If but a drop falls, its fertile ground will bloom again.
O Cup-bearer, pour and let us see how rich our soil can be!
When hope revives, all things are possible to me.","- Iqbal is not without hope in his land; if it becomes a little moist, this soil is very productive",,,,,,
b21,allama-iqbal,"نہیں ہے ناامید اقبالؔ اپنی کشت ویراں سے
ذرا نم ہو تو یہ مٹی بہت زرخیز ہے ساقی","nahīñ hai nā-umīd 'iqbāl' apnī kisht-e-vīrāñ se
zarā nam ho to ye miTTī bahut zarḳhez hai saaqī",Barren field ('kisht-e-vīrāñ') as the poet's people; a little moisture would make the soil fertile. The cupbearer (saaqī) is addressed. Political-revivalist allegory.,G,Iqbal is not disheartened by his desolate field,"If you would but wet this soil, it's very fertile, O Saki",Disheartened? I am not. My fallow land needs only a little rain.,"- Iqbal is famous for his poetry about the need to prepare oneself for the coming of the Messiah, and he uses the metaphor of preparing the soil to be ready to grow wheat (a metaphor for the faith that would welcome the Messiah). 'Saki' means 'wine-pourer', a common name in ghazals for the lover's beloved. Iqbal is asking his lover to make him fertile by loving him, so he can bring forth the wheat of faith and welcome the Messiah.",,,,,,
b21,allama-iqbal,"نہیں ہے ناامید اقبالؔ اپنی کشت ویراں سے
ذرا نم ہو تو یہ مٹی بہت زرخیز ہے ساقی","nahīñ hai nā-umīd 'iqbāl' apnī kisht-e-vīrāñ se
zarā nam ho to ye miTTī bahut zarḳhez hai saaqī",Barren field ('kisht-e-vīrāñ') as the poet's people; a little moisture would make the soil fertile. The cupbearer (saaqī) is addressed. Political-revivalist allegory.,H,word-by-word meaning of the key words and phrases,It is not hopeless Iqbal from my own garden of heroes,"If only you'd give it a name, this earth is fertile, cupbearer","- 'nā-umīd' means 'not hopeless', but also 'not named', 'unidentified'; 'kisht-e-vīrāñ' is a garden of heroes, but also a reference to the Garden of Eden; 'zarā nam ho' means 'give it a name', but also 'give it a reputation'; 'miTTī' is earth, but also a play on the word for 'dirt' or 'dust'; 'sāqī' is cupbearer, but also a Sufi master or spiritual guide","The musicality and rhythm of the original Urdu, the nuances of the Persian vocabulary, and the specific cultural and historical context in which the poem was written.",,,,,
b22,dagh-dehlvi,"خوب پردہ ہے کہ چلمن سے لگے بیٹھے ہیں
صاف چھپتے بھی نہیں سامنے آتے بھی نہیں","ḳhuub parda hai ki chilman se lage baiThe haiñ
saaf chhupte bhī nahīñ sāmne aate bhī nahīñ","'chilman' = bamboo screen used for purdah. 'ḳhuub parda hai' is ironic: what a veil, neither quite hidden nor coming forward. Playful coquetry.",A,A good screen is that they are sitting behind a fan,"Good screens are those who sit behind fans
Neither do they hide in clear sight nor come out of nowhere","You can't see their faces, but you know they're there
If they show themselves or disappear, it's all the same to me","- The 'good screen' is a lover, who protects the beloved from view; the fan is a metaphor for the lover. 'Neither do they hide in clear sight nor come out of nowhere': the lover can never be seen clearly, but he cannot disappear either.",,,,,,
b22,dagh-dehlvi,"خوب پردہ ہے کہ چلمن سے لگے بیٹھے ہیں
صاف چھپتے بھی نہیں سامنے آتے بھی نہیں","ḳhuub parda hai ki chilman se lage baiThe haiñ
saaf chhupte bhī nahīñ sāmne aate bhī nahīñ","'chilman' = bamboo screen used for purdah. 'ḳhuub parda hai' is ironic: what a veil, neither quite hidden nor coming forward. Playful coquetry.",B,"good veil, curtain, screen; from the Chilman (a window grille); sitting; clear, transparent; face, front; to appear, to come out",It is a good curtain that they are sitting from the Chilman. They do not become clear even when they come out in front.,"A decent screen is that they sit behind the lattice. Even when they emerge into view, they remain opaque.","- The wordplay is on 'chilman' which can mean both a window grille and a metaphor for a barrier or veil. I translated 'saaf chhupte' as 'opaque' to preserve the double meaning of 'chilman'. The phrase 'sāmne aate' is a common idiom in Urdu meaning 'to emerge into view', but it also alludes to the Sufi concept of 'sama', or the mystical union with the divine.",The nuances of the Sufi allusion and the play on 'chilman' as both a physical and metaphorical veil.,,,,,
b22,dagh-dehlvi,"خوب پردہ ہے کہ چلمن سے لگے بیٹھے ہیں
صاف چھپتے بھی نہیں سامنے آتے بھی نہیں","ḳhuub parda hai ki chilman se lage baiThe haiñ
saaf chhupte bhī nahīñ sāmne aate bhī nahīñ","'chilman' = bamboo screen used for purdah. 'ḳhuub parda hai' is ironic: what a veil, neither quite hidden nor coming forward. Playful coquetry.",C,ḳhuub: very/great; parda: veil/curtain/concealment; chilman: a traditional lattice screen; lage baiThe: sitting pressed against/close to; saaf: clearly/plainly; chhupte: hiding; sāmne: in front/openly; aate: coming,"There is such a veil that they are sitting pressed against the lattice screen
They do not hide clearly, nor do they come forward openly","The veil is so thick they press against the lattice screen,
Neither hiding properly, nor stepping into the light.","- Chilman: A specific cultural symbol of a lattice window that allows for 'seeing without being seen,' a staple of Persianate romantic imagery.
- The Paradox: The beauty of the sher lies in the liminal state. The lovers are so close to the boundary of the screen that their attempt at concealment is transparent, yet their hesitation to step out remains absolute.
- Saaf: In this context, 'saaf' (clearly/plainly) implies a lack of effort. They aren't even trying to hide well because they are so close to the threshold.
- Parda: Carries the double meaning of the physical curtain and the metaphorical veil of modesty or the 'veil' of the ego in Sufi thought.
- Dagh's Style: Dagh Dehlvi was known for 'mushaira' style wit; this couplet captures the playful, almost teasing tension of a romance that exists in the 'almost' space.","The specific tactile and architectural nuance of the 'chilman'—the way it allows for a filtered, dappled view of the beloved—is difficult to replicate in English without becoming overly descriptive.",,,,,
b22,dagh-dehlvi,"خوب پردہ ہے کہ چلمن سے لگے بیٹھے ہیں
صاف چھپتے بھی نہیں سامنے آتے بھی نہیں","ḳhuub parda hai ki chilman se lage baiThe haiñ
saaf chhupte bhī nahīñ sāmne aate bhī nahīñ","'chilman' = bamboo screen used for purdah. 'ḳhuub parda hai' is ironic: what a veil, neither quite hidden nor coming forward. Playful coquetry.",D,khub: quite/excellent; parda: veil/concealment; chilman: fine muslin screen/curtain; lage baithe hain: sitting pressed against/clinging to; saaf: clearly/completely; chhupte: hiding; samne aate: appearing/coming in front,"Quite a veil it is, that they sit pressed against the screen;
They neither hide completely, nor do they come before me.","A masterful veil indeed, to cling so close to the screen;
Neither fully hidden, nor revealed to be seen.","- The 'chilman' is a specific cultural symbol: a translucent muslin curtain used in traditional households to allow women to see out without being fully seen.
- The phrase 'lage baithe hain' (pressed against) suggests a teasing proximity; the beloved is not just behind the curtain, but leaning into it, creating a silhouette.
- The word 'saaf' (clearly/completely) creates a paradox: the veil is meant to hide, but because the beloved is so close to the thin fabric, the concealment is incomplete.
- Dagh Dehlvi is known for 'muamlaati' poetry—focusing on the flirtatious, worldly dynamics of love rather than the abstract or divine longing found in other Sufi poets.","The specific tactile quality of the muslin (chilman) and the conversational, playful cadence of the Delhi dialect (Zuban-e-Delhi) which gives the couplet its characteristic wit.",,,,,
b22,dagh-dehlvi,"خوب پردہ ہے کہ چلمن سے لگے بیٹھے ہیں
صاف چھپتے بھی نہیں سامنے آتے بھی نہیں","ḳhuub parda hai ki chilman se lage baiThe haiñ
saaf chhupte bhī nahīñ sāmne aate bhī nahīñ","'chilman' = bamboo screen used for purdah. 'ḳhuub parda hai' is ironic: what a veil, neither quite hidden nor coming forward. Playful coquetry.",E,The curtain is good because they are seated behind the screen. They do not appear in front either hidden or revealed.,"A good curtain since they sit behind it; neither appearing nor hidden, nor revealed.","Behind a veil of privacy, they dwell contented; no need to show their faces or hide them.",- The poet is praising the privacy that the screen provides.,,,,,,
b22,dagh-dehlvi,"خوب پردہ ہے کہ چلمن سے لگے بیٹھے ہیں
صاف چھپتے بھی نہیں سامنے آتے بھی نہیں","ḳhuub parda hai ki chilman se lage baiThe haiñ
saaf chhupte bhī nahīñ sāmne aate bhī nahīñ","'chilman' = bamboo screen used for purdah. 'ḳhuub parda hai' is ironic: what a veil, neither quite hidden nor coming forward. Playful coquetry.",F,"خوب = well, excellently; پردہ = veil, screen, curtain; چلمن = hookah (water pipe); لگے بیٹھے ہیں = are sitting, engaged/occupied; صاف = clearly, openly, plainly; چھپتے = hide, conceal; سامنے آتے = come forward, appear; بھی نہیں … بھی نہیں = neither … nor","The veil is well that they are sitting with the hookah
They neither hide openly nor come forward","Good is the veil — they sit with the hookah,
neither quite concealed, nor quite in the open.","- پرده (parda) operates on at least three levels: the physical screen or curtain, the social institution of purdah (seclusion), and the Sufi veil between the seeker and the Beloved. The English 'veil' retains some of this layering but loses the specific social weight of purdah in 19th-century Delhi.
- چلمن (chilman, hookah) is not merely a prop but a generator of its own veil — the smoke it produces adds a second, transient layer of concealment over the physical curtain. The couplet thus stacks veils: cloth, smoke, and the ambiguous body between them.
- The structure neither … nor (بھی نہیں … بھی نہیں) enacts the very liminality it describes: the subject is suspended in a state that resists binary classification. The English 'neither quite … nor quite …' approximates this but loses the flat, declarative finality of the Urdu negation.
- خوب (khūb) at the opening carries a tone of quiet approval or even delight — the poet admires the ambiguity rather than lamenting it. This is a characteristically Dagh Dehlvi move: finding aesthetic pleasure in a state of unresolved visibility.
- The hookah also anchors the couplet in a specific social scene — a private, likely domestic or harem-adjacent space in Delhi, where a person (possibly a woman in purdah, possibly a lover, possibly a Sufi figure) sits in leisure behind a screen. The object grounds the metaphysics in the material.","The specific social architecture of purdah in 19th-century Delhi; the sensory detail of hookah-smoke as a second veil (the English reader may not visualize this); the flat, unadorned declarative rhythm of the Urdu, which gives the couplet its air of casual observation; the pen-name (takhallus) is absent here as this is not the matla' or maqta'; the full Sufi resonance of parda as the veil of divine transcendence (hijāb) that a Sufi reader would immediately activate.",,,,,
b22,dagh-dehlvi,"خوب پردہ ہے کہ چلمن سے لگے بیٹھے ہیں
صاف چھپتے بھی نہیں سامنے آتے بھی نہیں","ḳhuub parda hai ki chilman se lage baiThe haiñ
saaf chhupte bhī nahīñ sāmne aate bhī nahīñ","'chilman' = bamboo screen used for purdah. 'ḳhuub parda hai' is ironic: what a veil, neither quite hidden nor coming forward. Playful coquetry.",G,khūb: excellent/fine; parda: veil/concealment; chilman: curtain/screen; lage baiThe haiñ: are sitting close to/leaning against; saaf: clearly/completely; chhupte: hiding; sāmne āte: appearing/coming into view,"It is a fine veil that [they] are sitting close to the curtain,
[They] neither hide clearly nor come into view.","A perfect veil it is, clinging to the screen,
Neither fully hidden, nor clearly to be seen.","- The couplet plays on the concept of liminality—the state of being on a threshold. The beloved is neither 'present' (in front of the curtain) nor 'absent' (hidden behind it), but occupies the space of the curtain itself.
- There is a subtle distinction between 'parda' (the abstract concept of veiling/modesty) and 'chilman' (the physical object of the curtain). The poet suggests the physical proximity to the curtain has become a 'perfect veil' in itself.
- Dagh Dehlvi is known for his 'muhavra' (idiomatic) and 'asl' (natural) style. Unlike the more metaphysical Ghalib, Dagh uses this imagery to describe the teasing, flirtatious ambiguity of the beloved's presence.
- The word 'saaf' (clearly/completely) functions as an intensifier, emphasizing that the ambiguity is not accidental but absolute.","The specific rhythmic 'behr' (meter) of the Urdu original is lost. Additionally, the subtle distinction between the domesticity of 'chilman' and the more formal/sacred connotations of 'parda' is difficult to maintain in a single English word.",,,,,
b22,dagh-dehlvi,"خوب پردہ ہے کہ چلمن سے لگے بیٹھے ہیں
صاف چھپتے بھی نہیں سامنے آتے بھی نہیں","ḳhuub parda hai ki chilman se lage baiThe haiñ
saaf chhupte bhī nahīñ sāmne aate bhī nahīñ","'chilman' = bamboo screen used for purdah. 'ḳhuub parda hai' is ironic: what a veil, neither quite hidden nor coming forward. Playful coquetry.",H,"ḳhuub: excellent, fine (as in kya ḳhuub, 'what a fine'); parda: veil, curtain, screen, also purdah/seclusion; chilman: a split-bamboo screen or curtain; se lage baiThe haiñ: they are sitting close/attached to it; saaf: plainly, clearly; chhupte bhī nahīñ: do not hide at all; sāmne aate bhī nahīñ: do not come forward / come into view.","What a fine veil/screen it is: they sit pressed against the curtain—
plainly they neither hide, nor come forward into view.","An excellent veil indeed—they sit close to the screen,
plainly neither hidden, nor plainly to be seen.","- parda means both a physical veil/curtain and the cultural institution of purdah/seclusion; chilman is a split-bamboo screen, giving the scene a domestic, flirtatious intimacy.
- The wit lies in the paradox: sitting close to the curtain creates a tantalizing half-visibility, neither full concealment nor open appearance. The veil is 'excellent' precisely because it leaves the onlooker suspended.
- The repeated bhī nahīñ (neither... nor) creates a double negation: not hidden, not manifest. I echoed it with 'neither hidden, nor... seen.'
- sāmne ānā idiomatically means 'to come before someone / appear'; I rendered it as 'to be seen' to keep the paradox and rhyme.","The Urdu rhyme and ghazal metre, the cultural weight of purdah and the specific image of the chilman, and the compact wordplay of saaf with hiding/appearing are difficult to carry fully into English.",,,,,
b23,dagh-dehlvi,"اردو ہے جس کا نام ہمیں جانتے ہیں داغؔ
ہندوستاں میں دھوم ہماری زباں کی ہے","urdu hai jis kā naam hamīñ jānte haiñ 'dāġh'
hindostāñ meñ dhuum hamārī zabāñ kī hai",Only we know the language called Urdu; its fame spreads across Hindustan. Pen name 'Dāġh' (literally 'stain/scar') in the final couplet; pride of authorship.,A,urdu: language; hai: is; jis: that; ka: of; naam: name; ham: we; jante: know; dāġh: pen name of Dagh Dehlvi; hindostāñ: India; meñ: in; dhuum: fame; hamārī: our; zabāñ: tongue; kī: of,Urdu is that whose name we know Dagh. In India there is a fame of our tongue.,"Urdu, the language we know as Dagh's, has made a name for itself. In India, our tongue has earned a reputation.","- The wordplay is in 'urdu hai jis kā naam hamīñ jānte haiñ', where 'urdu' can mean both the language and the poet's pen name. I've kept the ambiguity in the poetic translation. The phrase 'dhuum hamārī zabāñ kī hai' uses the Persian word 'dhuum' for fame, which is a common symbol in ghazals.","The musicality and rhythm of the original couplet, which is a hallmark of classical Urdu poetry.",,,,,
b23,dagh-dehlvi,"اردو ہے جس کا نام ہمیں جانتے ہیں داغؔ
ہندوستاں میں دھوم ہماری زباں کی ہے","urdu hai jis kā naam hamīñ jānte haiñ 'dāġh'
hindostāñ meñ dhuum hamārī zabāñ kī hai",Only we know the language called Urdu; its fame spreads across Hindustan. Pen name 'Dāġh' (literally 'stain/scar') in the final couplet; pride of authorship.,B,"Urdu: the language; jis kā naam: whose name; hamīñ jānte haiñ: we know; Dāġh: the poet's pen name (literally 'stain' or 'scar'); Hindostāñ: India/the subcontinent; dhuum: fame, renown, splendor, or a great stir; zabāñ: tongue or language.","We know whose name is Urdu, O Dagh,
In Hindustan, the fame of our language is great.","We know well its name is Urdu, O Dagh,
In Hindustan, our tongue's renown resounds.","- The poet employs his takhallus (pen name), Dāġh, in the maqta (final couplet), a standard convention of the ghazal.
- The verse is a 'fakhriyah' (boastful) couplet, where the poet asserts the cultural and linguistic supremacy of Urdu.
- The word 'dhuum' is highly idiomatic; it suggests not just fame, but a loud, vibrant, and unmistakable presence—like the sound of a drum or a sudden roar.
- Dagh Dehlvi was famous for his command over the 'Zaban-e-Urdu' (the idiom of Urdu), and this couplet serves as a manifesto for the language's vitality and widespread reach.","The onomatopoeic quality of 'dhuum'—which carries a sense of rhythmic impact and sudden splendor—is difficult to replicate in English. Additionally, the specific cultural weight of 'Hindustan' as a shared linguistic and cultural space in the 19th century is somewhat diminished in a modern English context.",,,,,
b23,dagh-dehlvi,"اردو ہے جس کا نام ہمیں جانتے ہیں داغؔ
ہندوستاں میں دھوم ہماری زباں کی ہے","urdu hai jis kā naam hamīñ jānte haiñ 'dāġh'
hindostāñ meñ dhuum hamārī zabāñ kī hai",Only we know the language called Urdu; its fame spreads across Hindustan. Pen name 'Dāġh' (literally 'stain/scar') in the final couplet; pride of authorship.,C,"Urdu: the language (lit. 'camp'); jis kā naam: whose name; hamīñ: we (emphatic); jānte haiñ: know; Dāgh: poet's pen name (lit. 'scar/stain'); Hindostāñ: India; dhuum: fame, renown, blaze, or sensation; hamārī zabāñ: our tongue/language","Urdu is the name of the one we know, Dagh,
In Hindustan, the fame of our language is great.","We know well the one whose name is Urdu, O Dagh,
Across Hindustan, our tongue is the talk of the town.","- Dāgh is the poet's takhallus (pen name). While it literally means 'scar' or 'stain', here it serves as the signature of the poet, though it adds a layer of irony—the 'scarred' one claiming the glory of a polished language.
- The word 'dhuum' implies more than just fame; it suggests a celebratory noise, a craze, or a blaze of popularity, reflecting Dagh's confidence in the linguistic dominance of Urdu in the Delhi-Lucknow belt.
- The emphatic 'hamīñ' (we) asserts a collective identity and pride among the poets and speakers of the era.","The rhythmic cadence (beher) and the specific historical weight of 'Urdu' (meaning 'camp' in Turkish), which alludes to the language's origins as a hybrid of the military camps.",,,,,
b23,dagh-dehlvi,"اردو ہے جس کا نام ہمیں جانتے ہیں داغؔ
ہندوستاں میں دھوم ہماری زباں کی ہے","urdu hai jis kā naam hamīñ jānte haiñ 'dāġh'
hindostāñ meñ dhuum hamārī zabāñ kī hai",Only we know the language called Urdu; its fame spreads across Hindustan. Pen name 'Dāġh' (literally 'stain/scar') in the final couplet; pride of authorship.,D,"urdu = Urdu (lit. 'camp/encampment'); jis kā nām = whose name; hamīñ jānte haiñ = we know; dāġh = Dagh (poet's pen name; lit. 'brand, mark, wound'); hindostāñ meñ = in Hindustan; dhuum = clamor, uproar, fame, buzz; hamārī zabāñ kī hai = is of our tongue/language","It is Urdu whose name we know, Dagh —
In Hindustan the clamor is of our tongue.","Urdu — that is the name we know, Dagh —
In Hindustan, the clamor is our tongue's.","- The pen name 'Dagh' (داغ) literally means 'brand,' 'mark,' or 'wound.' The poet folds his identity into the language's name: the language is branded with him, or he is the mark by which it is known. English cannot carry this double meaning without a gloss.
- 'Urdu' itself derives from Arabic 'urd' meaning 'camp' or 'encampment' — a gathering place. The language is thus a camp, a collective dwelling. This etymological layer is lost in English.
- 'Dhuum' (دھوم) is a rich word suggesting not just noise but public fame, a buzz that fills a space — closer to 'uproar' or 'thunder' than mere 'noise.' It conveys the language's dominance and vitality in the subcontinent.
- The couplet is a statement of linguistic pride and assertion of Urdu's supremacy in Hindustan, likely written in a period of debate over the status of Urdu vs. Hindi.
- The shift from the intimate 'hamīñ jānte haiñ' (we know) in line 1 to the public, grand 'dhuum' in line 2 moves from private identity to public dominance — a subtle rhetorical arc.","The triple resonance of 'dagh' (brand/mark/wound) as both pen name and common noun; the etymological sense of 'urdu' as encampment; the specific socio-linguistic context of the Urdu-Hindi language debate in which this assertion of pride was made; the musicality of the radif-less couplet's internal rhyme scheme (jānte/dāġh, dhuum/zabāñ) which gives it a rolling, declarative cadence.",,,,,
b23,dagh-dehlvi,"اردو ہے جس کا نام ہمیں جانتے ہیں داغؔ
ہندوستاں میں دھوم ہماری زباں کی ہے","urdu hai jis kā naam hamīñ jānte haiñ 'dāġh'
hindostāñ meñ dhuum hamārī zabāñ kī hai",Only we know the language called Urdu; its fame spreads across Hindustan. Pen name 'Dāġh' (literally 'stain/scar') in the final couplet; pride of authorship.,E,The language we know as Urdu is famous in Hindustan. Its fame spreads throughout India like a storm,"Urdu is known by its name; In Hindostan, there's a commotion about our language",We call it 'Urdu' and it's renowned across Hindustan; It creates uproar in the land of Hindustan with its eloquence,"- Dagh Dehlvi is referring to Urdu being recognized as a distinct language, not just a regional dialect. He also suggests that it has gained popularity and respect throughout India",,,,,,
b23,dagh-dehlvi,"اردو ہے جس کا نام ہمیں جانتے ہیں داغؔ
ہندوستاں میں دھوم ہماری زباں کی ہے","urdu hai jis kā naam hamīñ jānte haiñ 'dāġh'
hindostāñ meñ dhuum hamārī zabāñ kī hai",Only we know the language called Urdu; its fame spreads across Hindustan. Pen name 'Dāġh' (literally 'stain/scar') in the final couplet; pride of authorship.,F,"Urdu: Urdu (the language); jis ka naam: whose name; humein jaante hain: we know; Dagh: the poet's pen name; Hindostan: India/the subcontinent; dhoom: fame, sensation, uproar, 'buzz'; hamari zaban: our language/our tongue.","Urdu is the name we know, O Dagh
In Hindostan, the fame is of our language","We know the name of the tongue as Urdu, O Dagh,
Across Hindostan, our speech creates a stir.","- Takhallus: 'Dagh' is the poet's signature. In the first line, he addresses himself, a common convention in the ghazal to signal the poet's presence.
- Dhoom: This word is more evocative than 'fame.' It implies a sensation, a roar, or a cultural 'buzz.' It suggests that Urdu isn't just spoken; it is a dominant cultural force.
- Zaban: This carries a double meaning of 'language' and 'tongue.' In the context of Urdu poetry, the 'tongue' is the physical vessel for the spiritual and artistic expression of the heart.
- Fakhri: This is a 'pride' couplet (fakhri). Dagh is asserting the cultural hegemony and prestige of the Urdu language within the Indian subcontinent.","The specific rhythmic 'swing' of the Urdu meter and the cultural weight of 'Dhoom,' which carries a nuance of popular electricity and public acclaim that 'fame' or 'uproar' cannot fully encapsulate in English.",,,,,
b23,dagh-dehlvi,"اردو ہے جس کا نام ہمیں جانتے ہیں داغؔ
ہندوستاں میں دھوم ہماری زباں کی ہے","urdu hai jis kā naam hamīñ jānte haiñ 'dāġh'
hindostāñ meñ dhuum hamārī zabāñ kī hai",Only we know the language called Urdu; its fame spreads across Hindustan. Pen name 'Dāġh' (literally 'stain/scar') in the final couplet; pride of authorship.,G,It is the language we know as 'Urdu' / 'Dagh',Hindustan is all abuzz with our tongue,"Hindustan's in a tizzy about our speech
It's the language that we know as 'Urdu' / 'Dagh'


Notes: 'zabān' means 'tongue', which is also used for 'language' and 'speech'. 'dhuum' means 'rumor' or 'buzz' in this context. 'Hindustan' refers to the subcontinent, which was then under British colonial rule. 'Dagh' is a pen name of the poet, but it is also a word meaning 'scar' or 'mark', suggesting that his poetry leaves its mark on Hindustan. 'zabān' and 'dhuum' are both feminine nouns in Urdu, so they get the female pronoun 'hām' ('our') in the last line. 'Hindustan is all abuzz with our tongue' reflects the growing popularity of Urdu poetry under colonial rule, which was also a period of cultural resistance and literary revival. 'The language that we know as 'Urdu' / 'Dagh'' acknowledges both the poet's fame and his use of an emerging lingua franca.","- Each piece of wordplay, double meaning, allusion, symbol or idiom, and how you handled it.",,,,,,
b23,dagh-dehlvi,"اردو ہے جس کا نام ہمیں جانتے ہیں داغؔ
ہندوستاں میں دھوم ہماری زباں کی ہے","urdu hai jis kā naam hamīñ jānte haiñ 'dāġh'
hindostāñ meñ dhuum hamārī zabāñ kī hai",Only we know the language called Urdu; its fame spreads across Hindustan. Pen name 'Dāġh' (literally 'stain/scar') in the final couplet; pride of authorship.,H,"urdu = Urdu; hai = is; jis kā naam = whose name / the name of which; hamīñ = we alone / we ourselves; jānte haiñ = know; 'dāġh' = pen name of the poet, also 'stain/wound'; hindostāñ meñ = in Hindustan/India; dhuum = noise, stir, widespread fame; hamārī zabāñ kī hai = is of our language/tongue","Urdu is the one whose name we alone know, Dagh—
in Hindustan there is the din/fame of our language.","Only we know its name is Urdu, O Dagh—
across Hindustan our tongue's renown rings loud.","- The emphatic hamīñ means 'we ourselves/only we,' claiming insider knowledge of the language's true name.
- dhuum means both noise and widespread renown; it creates a paradox—everyone in India is talking about the language, yet only the poet's circle truly knows its name.
- zabāñ means both 'tongue' and 'language,' so the fame belongs to the spoken word as well as to Urdu itself.
- Dāġh is the poet's pen name, used here as a signature and self-address in the ghazal convention; literally it also means 'stain/wound.'
- The couplet has a cultural-political edge: in 19th-century India the status and naming of Urdu was contested, and the poet claims proprietary knowledge of it.","English cannot fully carry the exclusiveness of hamīñ, the double meaning of Dāġh as both signature and 'wound/stain,' or the idiomatic force of dhuum as clamour/fame in Hindustani speech.",,,,,
b24,bahadur-shah-zafar,"کتنا ہے بد نصیب ظفرؔ دفن کے لیے
دو گز زمین بھی نہ ملی کوئے یار میں","kitnā hai bad-nasīb 'zafar' dafn ke liye
do gaz zamīn bhī na milī kū-e-yār meñ",Zafar was the last Mughal emperor and died in exile in Rangoon. 'Zafar' means 'victory'. Not even two yards of earth in the beloved's lane (homeland). The attribution of this ghazal is disputed; the reviewer should check.,A,"kitnā: how; bad-nasīb: ill-fated, unlucky; Zafar: pen name (lit. 'victory, triumph'); dafn: burial, interment; do gaz: two cubits (≈ 3 feet, standard grave depth); zamīn: earth, ground; kū-e-yār: pit (or well) of the beloved; bhī na: not even","How ill-fated is Zafar for burial
Not even two cubits of earth were found in the pit of the beloved","Zafar, how ill-starred for the grave—
not even two cubits of earth in the beloved's pit.","- The takhallus 'Zafar' means 'victory' or 'triumph' in Arabic. The poet invokes his own pen name to create a bitter irony: the 'Triumphant One' is so defeated he cannot even secure a proper burial. English cannot replicate this because the reader does not know the name means 'victory' without a note.
- kū (کُو) carries a double sense: 'pit' (as in a grave-pit) and 'well' (as in a water-well). The phrase kū-e-yār thus oscillates between 'the grave the beloved has dug for me' (the beloved as killer, a stock ghazal image) and 'the well of the beloved' (the beloved's heart as a depth from which no water—no life, no love—can be drawn). English 'pit' preserves the burial sense but flattens the well-sense.
- do gaz (two cubits) is the conventional minimum depth of a Muslim grave. The specificity grounds the couplet in the physical reality of burial rites, making the deprivation concrete: not a grand tomb, not even the humblest acceptable grave.
- The Sufi-romantic frame: dying for the beloved is the poet's highest aspiration, yet even in this 'pit of the beloved'—the one place he would welcome death—there is no room for him. He is excluded from love even in death.
- Biographical resonance: Bahadur Shah Zafar, the last Mughal emperor, was exiled to Rangoon after 1857 and died in 1862; his burial was initially concealed by the British. The couplet's speaker, stripped of everything, cannot even achieve the dignity of a proper grave.","The semantic charge of the pen name Zafar ('victory') working against the speaker's total defeat; the dual sense of kū as both grave-pit and well; the izafat compound kū-e-yār, which fuses the three words into a single image with the elegance of a Persian phrase; the classical meter (probably mutaqarib or similar) and its musicality; the full biographical weight of the last emperor of a dynasty, which no English reader without context would feel.",,,,,
b24,bahadur-shah-zafar,"کتنا ہے بد نصیب ظفرؔ دفن کے لیے
دو گز زمین بھی نہ ملی کوئے یار میں","kitnā hai bad-nasīb 'zafar' dafn ke liye
do gaz zamīn bhī na milī kū-e-yār meñ",Zafar was the last Mughal emperor and died in exile in Rangoon. 'Zafar' means 'victory'. Not even two yards of earth in the beloved's lane (homeland). The attribution of this ghazal is disputed; the reviewer should check.,B,kitnā: how much / how; bad-nasīb: ill-fated / unfortunate; zafar: the poet's pen name; dafn: burial / interment; do gaz: two yards (the standard size of a grave); zamīn: land / earth; kū-e-yār: alley of the beloved,"How ill-fated is Zafar for burial,
Even two yards of land were not found in the alley of the beloved.","How wretched is Zafar's fate in seeking a grave,
Not even two yards of earth were found in the beloved's lane.","- Takhallus: The poet uses his pen name, Zafar, in the final couplet (maqta), a standard convention where the poet addresses himself.
- Do Gaz: This is a fixed cultural idiom in Urdu/Persian poetry. A grave is traditionally measured as 'two yards' long; it represents the smallest possible space for a body and thus the ultimate state of humility.
- Kū-e-yār: A classic trope where the 'alley' represents the proximity to the beloved. It carries a Sufi undertone where the 'beloved' can be a spiritual guide or a divine presence.
- Double Meaning: As the last Mughal Emperor, Zafar's 'burial' and 'unfortunate fate' carry a dual weight—it is both a personal romantic lament and a political tragedy regarding his loss of the throne and exile.",The specific cultural resonance of 'do gaz' as a standard unit of measurement for a grave and the unique historical pathos of Zafar's voice as a fallen monarch.,,,,,
b24,bahadur-shah-zafar,"کتنا ہے بد نصیب ظفرؔ دفن کے لیے
دو گز زمین بھی نہ ملی کوئے یار میں","kitnā hai bad-nasīb 'zafar' dafn ke liye
do gaz zamīn bhī na milī kū-e-yār meñ",Zafar was the last Mughal emperor and died in exile in Rangoon. 'Zafar' means 'victory'. Not even two yards of earth in the beloved's lane (homeland). The attribution of this ghazal is disputed; the reviewer should check.,C,"kitnā (how/how much), bad-nasīb (unfortunate/ill-fated), Zafar (poet's pen name, meaning 'victory'), dafn (burial), do gaz zamīn (two yards of land/a grave), kū-e-yār (the street/lane of the beloved)","How unfortunate is Zafar, for burial
not even two yards of land were found in the street of the beloved","How wretched is Zafar, that for his final rest
Not two yards of earth were granted in the beloved's lane","- Zafar: The poet's takhallus (pen name) means 'Victory.' There is a devastating irony in a man named 'Victory' describing himself as 'bad-nasīb' (unfortunate).
- Kū-e-yār: In classical ghazals, the 'street of the beloved' is a place of longing. However, for the exiled Emperor Zafar, this is a political and personal allusion to his homeland (Delhi), from which he was banished to Rangoon.
- Do gaz zamīn: This is a cultural idiom referring to the minimum space required for a grave. The tragedy is not just the exile, but the denial of the most basic human right: a burial in one's own soil.
- The tone shifts from the traditional romantic longing of the ghazal to a historical lament of loss and displacement.","The linguistic irony of the name 'Zafar' (Victory) contrasting with his defeat is lost in English. Additionally, the specific rhythmic cadence of the Urdu 'do gaz zamīn' carries a weight of finality and humility that 'two yards of earth' only partially captures.",,,,,
b24,bahadur-shah-zafar,"کتنا ہے بد نصیب ظفرؔ دفن کے لیے
دو گز زمین بھی نہ ملی کوئے یار میں","kitnā hai bad-nasīb 'zafar' dafn ke liye
do gaz zamīn bhī na milī kū-e-yār meñ",Zafar was the last Mughal emperor and died in exile in Rangoon. 'Zafar' means 'victory'. Not even two yards of earth in the beloved's lane (homeland). The attribution of this ghazal is disputed; the reviewer should check.,D,"How unfortunate is Zafar, who needs a grave, but even in the cemetery he did not get two feet of land","How unfortunate is Zafar, who needs a grave, but even in the cemetery he did not get two feet of land
","How unfortunate is Zafar, who needs a grave, but even in the cemetery he did not get two feet of land
","- 'Bad-nasib' means 'unfortunate', which refers to Zafar's lack of burial ground. 'Zafar' is his pen name; it means 'victory' or 'success'. 'Koie-yar' means 'cemetery' or 'graveyard', and 'do gaz zamīn' means 'two feet of land' (a small plot). Zafar did not even get a small plot in the cemetery, which is very unfortunate. The last line reflects his helplessness.",,,,,,
b24,bahadur-shah-zafar,"کتنا ہے بد نصیب ظفرؔ دفن کے لیے
دو گز زمین بھی نہ ملی کوئے یار میں","kitnā hai bad-nasīb 'zafar' dafn ke liye
do gaz zamīn bhī na milī kū-e-yār meñ",Zafar was the last Mughal emperor and died in exile in Rangoon. 'Zafar' means 'victory'. Not even two yards of earth in the beloved's lane (homeland). The attribution of this ghazal is disputed; the reviewer should check.,E,"How unfortunate is Zafar for his grave, not even two yards of land was found in the courtyard of love","How unlucky 'Zafar' is for his burial, not even two yards of land could be found in the courtyard of love","Oh, how ill-fated Zafar must be to find no ground for his grave; not a single yard was granted in the garden of love","- The poet's pen name 'Zafar' is used as an example of bad luck. The wordplay on 'daffn' (grave) and 'zamini' (land) suggests that he could not find even two yards of land for his grave in the courtyard of love, symbolizing a lack of recognition or acceptance from society",,,,,,
b24,bahadur-shah-zafar,"کتنا ہے بد نصیب ظفرؔ دفن کے لیے
دو گز زمین بھی نہ ملی کوئے یار میں","kitnā hai bad-nasīb 'zafar' dafn ke liye
do gaz zamīn bhī na milī kū-e-yār meñ",Zafar was the last Mughal emperor and died in exile in Rangoon. 'Zafar' means 'victory'. Not even two yards of earth in the beloved's lane (homeland). The attribution of this ghazal is disputed; the reviewer should check.,F,"kitnā hai bad-nasīb = how unfortunate/ill-fated is; Zafar = pen name, lit. 'victory'; dafn ke liye = for burial; do gaz zamīn = two yards of earth/ground (a minimal grave plot); bhī na milī = was not even granted/found; kū-e-yār = the beloved's lane/quarter (kū = lane/street, yār = beloved/friend).","How unfortunate is Zafar for burial
not even two yards of land was obtained in the beloved's lane.","How ill-fated is Zafar, even for burial—
no two yards of earth in the beloved's lane was granted him.","- Zafar is the poet's pen name (takhallus) and means 'victory'; the line is bitterly ironic because the last Mughal emperor named Victory is utterly ill-fated.
- do gaz zamīn (two gaz/yards of earth) is idiomatic for the smallest plot needed for a grave, emphasizing destitution and exile.
- kū-e-yār (the beloved's lane/quarter) is a stock ghazal symbol of nearness to the beloved; historically it also evokes Zafar's beloved Delhi, where he wished to be buried but was denied after 1857.
- The beloved can be read on human, political, or Sufi planes—earthly beloved, homeland, or the Divine—so burial in the lane means dying in a state of nearness/union.","The English cannot carry the full historical weight of Zafar's exile and burial in Rangoon, the pen-name irony of 'Zafar' meaning victory, or the Sufi resonance of the beloved's lane as a place of spiritual nearness.",,,,,
b24,bahadur-shah-zafar,"کتنا ہے بد نصیب ظفرؔ دفن کے لیے
دو گز زمین بھی نہ ملی کوئے یار میں","kitnā hai bad-nasīb 'zafar' dafn ke liye
do gaz zamīn bhī na milī kū-e-yār meñ",Zafar was the last Mughal emperor and died in exile in Rangoon. 'Zafar' means 'victory'. Not even two yards of earth in the beloved's lane (homeland). The attribution of this ghazal is disputed; the reviewer should check.,G,"kitnā (how much/great); bad-nasīb (unfortunate/ill-fated); Zafar (the poet's pen name, meaning 'Victory'); dafn (burial); do gaz (two yards); zamīn (earth/land); kū-e-yār (the lane/street of the beloved)","How unfortunate is Zafar for burial,
Not even two yards of earth was found in the beloved's lane.","How ill-fated is Zafar, that for his final rest,
Not even two yards of earth in the beloved's lane could he find.","- Irony of the Pen Name: The poet uses the takhallus (pen name) 'Zafar', which means 'Victory', creating a bitter, tragic irony as he dies in exile and total defeat.
- Metonymy of 'Do Gaz': 'Two yards' is a standard idiomatic reference to a grave in Urdu poetry, emphasizing the minimal space required for a human body.
- The Beloved (Kū-e-yār): In the ghazal tradition, the 'beloved' is often a person, but here it functions as a poignant metaphor for Delhi—the poet's lost kingdom and home. To be denied burial in the 'beloved's lane' is to be denied a return to his homeland.
- Historical Context: This couplet is deeply elegiac, reflecting the pathos of the last Mughal Emperor dying in exile in Rangoon, far from the soil of India.","The specific cultural weight of 'bad-nasīb' (a sense of being cursed by fate) and the rhythmic finality of the 'do gaz' imagery, which carries a specific funerary resonance in the Urdu-speaking world that 'two yards' lacks in English.",,,,,
b24,bahadur-shah-zafar,"کتنا ہے بد نصیب ظفرؔ دفن کے لیے
دو گز زمین بھی نہ ملی کوئے یار میں","kitnā hai bad-nasīb 'zafar' dafn ke liye
do gaz zamīn bhī na milī kū-e-yār meñ",Zafar was the last Mughal emperor and died in exile in Rangoon. 'Zafar' means 'victory'. Not even two yards of earth in the beloved's lane (homeland). The attribution of this ghazal is disputed; the reviewer should check.,H,"bad-nasīb: ill-fated, unfortunate, Zafar: pen name of Bahadur Shah, dafn: burial, kū-e-yār: beloved's grave, do gaz: two yards","How unfortunate is Zafar for burial, not even two yards of land was found in the beloved's grave.","Alas, how ill-fated I, Zafar, to be laid to rest, when not even two yards of earth could be found in the beloved's sacred ground.","- The word 'bad-nasīb' is a common theme in Urdu poetry, implying a sense of tragic fate. The use of 'kū-e-yār' is a Sufi reference to the beloved's grave, which is also a symbol of spiritual longing. The phrase 'dafn ke liye' is a common idiom for 'for burial', but in this context, it also implies a sense of being laid to rest in the beloved's presence. The word 'zamīn' (land) is used to convey a sense of scarcity and desperation. The poetic translation aims to capture the emotional intensity and longing of the original couplet.","The nuances of the Sufi symbolism and the emotional resonance of the original couplet may be lost in translation, but the poetic translation aims to convey the poet's sense of longing and despair.",,,,,
b25,bahadur-shah-zafar,"لگتا نہیں ہے دل مرا اجڑے دیار میں
کس کی بنی ہے عالم ناپائیدار میں","lagtā nahīñ hai dil mirā ujḌe dayār meñ
kis kī banī hai ālam-e-nā-pā.edār meñ",My heart finds no rest in this ruined land; whose fortune ever held in this impermanent world ('ālam-e-nā-pāedār')? Elegiac tone.,A,"lagtā nahīñ hai = does not settle, does not find purchase; dil mirā = my heart; ujḌe = ruined, laid waste, desolate; dayār = homeland, abode, dwelling; meñ = in; kis kī = whose; banī hai = has been built, is constructed; ālam = world, realm; nā-pā.edār = impermanent, transient, fleeting; meñ = in","My heart does not settle in this ruined homeland
Whose is it that has been built in this impermanent world?","My heart will not settle in this ruined homeland—
whose heart, then, is built in this impermanent world?","- Architectural metaphor sustained across both lines: 'lagtā' (to attach, to take hold) and 'banī' (built) frame the heart as something that should find a foundation but cannot. The English 'settle' and 'built' preserve this spatial logic.
- 'UjḌe dayār' (ruined homeland) carries deep personal weight for Zafar: after the 1857 uprising he was deposed and exiled to Rangoon. His 'homeland' was literally destroyed. The English 'ruined homeland' hints at this but cannot carry the full historical grief.
- 'Kis kī' (whose) is a rhetorical question with multiple valences: it may ask whose heart has found permanence (implying none), or it may question the poet's own ownership of his heart in a state of exile and powerlessness, or it may address the beloved/God as the one for whom the heart was 'built.'
- 'Nā-pā.edār' is a standard Sufi-ghazal compound (nā- = not, pā.edār = lasting) for the transient, perishing world (fānī). It sets up the central tension: the heart seeks permanence but the world offers only impermanence.
- The contrast between 'ujḌe' (ruined, destroyed) in line one and 'banī' (built, constructed) in line two creates a dialectic of destruction and construction that the English rendering preserves through 'ruined' and 'built.'","The specific historical weight of Zafar's exile—the fall of the Mughal court, the loss of Delhi, the journey to Rangoon—is compressed into 'ruined homeland' and cannot be recovered from the text alone. The Persian-Urdu phonetic music (the long ā and ī vowels, the sibilant cluster in 'nā-pā.edār') is untranslatable. The word 'dayār' in Persian-Urdu carries a double resonance of both 'homeland' and 'the beloved's dwelling,' a Sufi-erotic ambiguity that English 'homland' cannot hold. The meter (a standard ghazal bahr) and its rhythmic cadence are lost entirely.",,,,,
b25,bahadur-shah-zafar,"لگتا نہیں ہے دل مرا اجڑے دیار میں
کس کی بنی ہے عالم ناپائیدار میں","lagtā nahīñ hai dil mirā ujḌe dayār meñ
kis kī banī hai ālam-e-nā-pā.edār meñ",My heart finds no rest in this ruined land; whose fortune ever held in this impermanent world ('ālam-e-nā-pāedār')? Elegiac tone.,B,It does not seem that my heart has become dust in this place; who is the foundation of this world which is so fragile,"It doesn't seem like my heart has turned to dust here; whose foundation is this world, which is so unstable",My heart still beats within me; what holds up this mortal frame?,"- The poet questions the fragility of life and the meaning behind it. The 'dil' (heart) symbolizes the essence of a person's being, while the 'dayar' (place) refers to their temporary existence in this world. The 'alam-e-napaidar' (unstable world) highlights the transience and unpredictability of life.",,,,,,
b25,bahadur-shah-zafar,"لگتا نہیں ہے دل مرا اجڑے دیار میں
کس کی بنی ہے عالم ناپائیدار میں","lagtā nahīñ hai dil mirā ujḌe dayār meñ
kis kī banī hai ālam-e-nā-pā.edār meñ",My heart finds no rest in this ruined land; whose fortune ever held in this impermanent world ('ālam-e-nā-pāedār')? Elegiac tone.,C,lagtā nahīñ: does not settle/attach; dil mirā: my heart; ujḌe dayār: desolate land/ruined abode; kis kī: whose; banī: established/made/settled; ālam-e-nā-pā.edār: transient/unstable world,"My heart does not settle in this desolate land,
Whose [hope/bond] is established in this transient world?","My heart finds no repose in this ruined land,
Who could build a home in a world so transient?","- The phrase 'lagtā nahīñ' refers to the heart's inability to find peace or a sense of belonging, a common trope in poetry of exile.
-  'UjḌe dayār' (desolate land) functions as a double entendre: it refers to the physical ruins of the poet's surroundings and the metaphorical ruin of the Mughal Empire and his own life.
-  'Ālam-e-nā-pā.edār' invokes the Sufi concept of the 'fana' or the ephemeral nature of the material world, suggesting that seeking stability in the earthly realm is a futile endeavor.
- The second line uses a rhetorical question to universalize the poet's personal grief, moving from his specific exile to the general human condition of impermanence.","The specific historical weight of Zafar's exile in Rangoon, which transforms 'desolate land' from a poetic cliché into a visceral reality. Additionally, the Urdu grammar in the second line leaves the object of 'banī' (established/made) implied, creating a haunting ambiguity—whether he refers to a home, a relationship, or a destiny—which is lost when a specific English noun is chosen.",,,,,
b25,bahadur-shah-zafar,"لگتا نہیں ہے دل مرا اجڑے دیار میں
کس کی بنی ہے عالم ناپائیدار میں","lagtā nahīñ hai dil mirā ujḌe dayār meñ
kis kī banī hai ālam-e-nā-pā.edār meñ",My heart finds no rest in this ruined land; whose fortune ever held in this impermanent world ('ālam-e-nā-pāedār')? Elegiac tone.,D,lagtā nahīñ (does not feel/find rest); dil mirā (my heart); ujḌe (desolate/ruined); dayār (abode/land); kis kī banī hai (who has survived/endured); ālam-e-nā-pā.edār (the transient/impermanent world),"My heart does not find rest in this desolate land,
Who has ever survived in this transient world?","My heart finds no peace in this ruined land,
For who has ever endured in this fleeting world?","- The term 'ujḌe dayār' (desolate land) carries a dual meaning: it refers to the poet's personal state of loneliness and the historical reality of the crumbling Mughal Empire and the ruin of Delhi.
- The phrase 'ālam-e-nā-pā.edār' (transient world) is a standard Sufi motif, emphasizing the impermanence of all material existence (fana).
- The second line serves as a philosophical 'answer' to the first; the heart's unrest is not an anomaly, but a natural response to the fundamental instability of the universe.
- The poet, Bahadur Shah Zafar, uses this universal truth to mask his specific political and personal tragedy, a hallmark of the ghazal tradition.","The specific nuance of 'ujḌe,' which implies a sense of being emptied or abandoned rather than just 'ruined,' and the rhythmic, melancholic cadence of the original Urdu meter.",,,,,
b25,bahadur-shah-zafar,"لگتا نہیں ہے دل مرا اجڑے دیار میں
کس کی بنی ہے عالم ناپائیدار میں","lagtā nahīñ hai dil mirā ujḌe dayār meñ
kis kī banī hai ālam-e-nā-pā.edār meñ",My heart finds no rest in this ruined land; whose fortune ever held in this impermanent world ('ālam-e-nā-pāedār')? Elegiac tone.,E,"lagtā: seems, nahīñ: not, dil: heart, mirā: my, ajḌe: worn out, dayār: abode, kis: whose, kī: of, banī: made, ālam: world, nā-pā.edār: impermanent",It does not seem to be my heart worn out in this abode. Whose creation is this world impermanent?,"My heart, it seems, is not worn out in this fleeting life. Whose hand crafted this ephemeral world?","- The wordplay on 'lagtā' (seems) and 'ajḌe' (worn out) creates a sense of irony, as the speaker's heart is not worn out, but the world is. The phrase 'kis kī banī' is a Sufi idiom, suggesting that the world is a creation of God, but the speaker is questioning its impermanence. I handled the wordplay by emphasizing the contrast between the speaker's heart and the world, and the Sufi idiom by making it clear that the speaker is questioning the world's impermanence, not its creation by God.","The nuances of the Persian vocabulary and the Sufi double meanings may be lost in translation, but the essence of the poem remains intact.",,,,,
b25,bahadur-shah-zafar,"لگتا نہیں ہے دل مرا اجڑے دیار میں
کس کی بنی ہے عالم ناپائیدار میں","lagtā nahīñ hai dil mirā ujḌe dayār meñ
kis kī banī hai ālam-e-nā-pā.edār meñ",My heart finds no rest in this ruined land; whose fortune ever held in this impermanent world ('ālam-e-nā-pāedār')? Elegiac tone.,F,lagtā nahīñ: does not feel / does not seem; dil mirā: my heart; ujḌe: desolate / ruined / abandoned; dayār: land / realm / country; kis kī: by whom / whose; banī: built / established / created; ālam-e-nā-pā.edār: the world of transience / the impermanent world,"My heart does not feel [at ease] in the desolate land
By whom was this impermanent world built?","My heart finds no solace in this ruined realm,
Who built this world of fleeting shadows?","- Ujde Dayar: This is a double entendre. It refers literally to the crumbling Mughal Empire (the 'ruined land' of India) and metaphorically to the poet's internal spiritual desolation.
- Alam-e-Na-paidar: A classic Sufi and philosophical trope. It refers to the material world as 'na-paidar' (impermanent/unstable) in contrast to the 'Abadi' (eternal) realm of the Divine.
- The Rhetorical Question: The second line is a lament on the futility of existence. If the world is destined to crumble, the poet questions the purpose of its construction.
- Context: As the last Mughal Emperor, Zafar's use of 'ruined land' carries a heavy weight of political tragedy and personal exile.","The specific Persianate weight of 'Dayar' which evokes a sense of 'homeland' and 'destiny' simultaneously, and the rhythmic gravity of the compound 'ālam-e-nā-pā.edār' which carries a specific philosophical resonance in Urdu that 'impermanent world' cannot fully capture.",,,,,
b25,bahadur-shah-zafar,"لگتا نہیں ہے دل مرا اجڑے دیار میں
کس کی بنی ہے عالم ناپائیدار میں","lagtā nahīñ hai dil mirā ujḌe dayār meñ
kis kī banī hai ālam-e-nā-pā.edār meñ",My heart finds no rest in this ruined land; whose fortune ever held in this impermanent world ('ālam-e-nā-pāedār')? Elegiac tone.,G,"lagtā nahīñ hai: does not feel attached / does not feel at home; dil mirā: my heart; ujḌe dayār: ruined abode / desolate land; kis kī banī hai: who has prospered / succeeded (idiom from ban-nā); ālam-e-nā-pā.edār: the transient world / world of impermanence (Persian compound: nā = not, pā.edār = lasting)","My heart does not feel [at home] in the ruined abode.
Who has ever prospered in the impermanent world?","My heart finds no rest in this desolate place—
who has ever thrived in this world of fleeting grace?","- ujḌe dayār (ruined abode) evokes not just a physical ruin but the desolation of Delhi after 1857 and Zafar's own exile, giving the line a personal and historical resonance.
- kis kī banī hai is an idiom meaning 'who has succeeded/prospered', built on ban-nā (to become/be made). The rhetorical question implies no one truly thrives in a transient world.
- ālam-e-nā-pā.edār is a Persian izāfat construction: 'world of non-lastingness', a stock Sufi phrase for the fleeting material world.
- The first line uses lagtā nahīñ with the sense of 'does not feel attached' rather than 'does not seem', playing on the heart's refusal to bond with a ruined, impermanent realm.",The idiomatic compactness of 'kis kī banī' (who has 'made it' / succeeded) and the specific cultural-historical weight of 'ujḌe dayār' as the fallen Mughal capital cannot be fully carried into English. The Persianate register of 'ālam-e-nā-pā.edār' loses its echo of classical Sufi vocabulary.,,,,,
b25,bahadur-shah-zafar,"لگتا نہیں ہے دل مرا اجڑے دیار میں
کس کی بنی ہے عالم ناپائیدار میں","lagtā nahīñ hai dil mirā ujḌe dayār meñ
kis kī banī hai ālam-e-nā-pā.edār meñ",My heart finds no rest in this ruined land; whose fortune ever held in this impermanent world ('ālam-e-nā-pāedār')? Elegiac tone.,H,It does not seem that my heart is shattered in this desolate place; why was I born in an eternal world?,"My heart doesn’t feel as if it’s fallen apart in this wasteland
Why did I come into being in a place where nothing endures? ","It feels like my heart has not shattered here, in this desolate land; 
What for was I born in an eternal world?","- The wordplay is on the words 'dil' (heart) and 'miran' (shattered). Zafar uses a double entendre to say that his heart feels unbroken even though he lives in exile. The phrase 'dayar meñ' means both 'desolate place' and 'wasteland', which is why the English translation needs to be flexible with its word choice. 'Napaidar' means 'eternal' or 'never-ending' as well as 'unbearable' or 'intolerable'. Zafar uses a double entendre here, too: he was born into an eternal world, but also an intolerable one. 'Ujradeen' means both 'shattered' and 'fallen apart', which is why the English translation needs to be flexible with its word choice.",,,,,,
b26,akbar-allahabadi,"ہم آہ بھی کرتے ہیں تو ہو جاتے ہیں بدنام
وہ قتل بھی کرتے ہیں تو چرچا نہیں ہوتا","ham aah bhī karte haiñ to ho jaate haiñ badnām
vo qatl bhī karte haiñ to charchā nahīñ hotā","Double standard: we sigh and are disgraced, they murder and no one talks. Akbar is a satirist, so a political reading is also open.",A,word-by-word meaning of the key words and phrases,"We also cry out, then we become infamous / They also kill, but there's no talk","We wail, and in our wailing, we're shamed / They slay, but their deeds are never named","- 'ہم آہ' is a Persian phrase meaning 'we cry out', a stock symbol in ghazal for the poet's own voice. 'بدنام' means 'infamous', but in this context, it's a play on the poet's own reputation. 'قتل' means 'killing', but 'چرچا' means 'talk' or 'gossip', and 'نہیں ہوتا' means 'does not happen'. The poet is saying that even when they, the poet, cry out, they become infamous, but when others kill, their deeds are not spoken of.","The nuances of the Persian vocabulary and the poet's use of wordplay to convey the themes of shame, silence, and the power of the poet's voice.",,,,,
b26,akbar-allahabadi,"ہم آہ بھی کرتے ہیں تو ہو جاتے ہیں بدنام
وہ قتل بھی کرتے ہیں تو چرچا نہیں ہوتا","ham aah bhī karte haiñ to ho jaate haiñ badnām
vo qatl bhī karte haiñ to charchā nahīñ hotā","Double standard: we sigh and are disgraced, they murder and no one talks. Akbar is a satirist, so a political reading is also open.",B,ham: we; aah: sigh/lament; bhī: even; badnām: infamous/disgraced; vo: they/he; qatl: murder; charchā: talk/public outcry/scandal,"We even sigh and become infamous,
They even commit murder and there is no talk.","A single sigh from us brings infamy and shame,
They commit murder, yet no one speaks their name.","- The 'aah' (sigh) is a classic trope in Urdu poetry, usually representing the lover's lament, but here it is used to represent the smallest expression of personal feeling or dissent.
- The contrast is between the 'subjective' (a sigh) and the 'objective/violent' (murder), highlighting the inequality of social consequences.
- The word 'badnām' (infamous) carries a weight of social ostracization that is very specific to the honor-based culture of the Urdu-speaking world.
- The lack of 'charchā' (public talk/scandal) implies a state of impunity and the silence of the masses or the media regarding the actions of the powerful.
- Akbar Allahabadi's style is known for 'tanz-o-mizah' (satire and wit); he uses the high-register vocabulary of the ghazal to deliver a biting critique of political injustice.","The specific cultural weight of the 'aah' as a staple of the ghazal tradition and the sharp, satirical bite of Akbar Allahabadi's unique 'common man' persona.",,,,,
b26,akbar-allahabadi,"ہم آہ بھی کرتے ہیں تو ہو جاتے ہیں بدنام
وہ قتل بھی کرتے ہیں تو چرچا نہیں ہوتا","ham aah bhī karte haiñ to ho jaate haiñ badnām
vo qatl bhī karte haiñ to charchā nahīñ hotā","Double standard: we sigh and are disgraced, they murder and no one talks. Akbar is a satirist, so a political reading is also open.",C,"ham = we; aah = sigh; bhī = even; karte haiñ = do; to = then; ho jaate haiñ = become; badnām = infamous, ill-famed, notorious; vo = they; qatl = murder, killing; charchā = buzz, talk, public stir; nahīñ hotā = does not happen","When we even sigh, we become infamous.
When they even murder, there is no buzz.","We sigh, and at once we're branded infamous—
they murder, and not a whisper stirs.","- The central device is antithesis: aah (sigh, the most involuntary and innocent human sound) is set against qatl (murder, the most deliberate and violent act). The 'even' (bhī) in both lines sharpens the contrast — the sigh is so trivial that its notoriety is absurd; the murder is so extreme that the absence of even minimal public attention is obscene.
- badnām (infamous, ill-famed) carries a political charge in the context of Akbar Allahabadi, a poet repeatedly imprisoned for dissent. It implies being branded a troublemaker or anti-national for merely expressing pain — the state's power to define who is 'notorious' for what.
- charchā is deliberately colloquial — not 'discussion' or 'debate' but 'buzz' or 'gossip.' The poet is saying that not even the lowest threshold of public attention is met. The word's informality makes the silence feel more total.
- The ham/vo (we/they) division is the political axis of the couplet: 'we' are the sensitive, the vulnerable, the dissenters; 'they' are the powerful, the state, the oppressors. This is not a personal grievance but a structural one.
- The parallel syntax (bhī karte haiñ … to …) creates a mirror structure that makes the second line land with the force of a punch — the expected reaction (public outcry) is replaced by its total absence.","The phonetic weight of aah — a single, breathy exhalation in Urdu that is itself the sound of the sigh — is flattened into the English word 'sigh,' which is a label rather than a sound. The word charchā has a specific texture of idle, gossipy public chatter that no single English word captures; 'whisper' in the poetic line is a compromise that evokes quietness but loses the connotation of idle public talk. The double edge of badnām — which can mean both 'infamous' (a kind of dark fame) and 'disreputable' (simply bad) — is narrowed to 'infamous,' losing the ambiguity of whether the notoriety is a form of recognition or pure stigma.",,,,,
b26,akbar-allahabadi,"ہم آہ بھی کرتے ہیں تو ہو جاتے ہیں بدنام
وہ قتل بھی کرتے ہیں تو چرچا نہیں ہوتا","ham aah bhī karte haiñ to ho jaate haiñ badnām
vo qatl bhī karte haiñ to charchā nahīñ hotā","Double standard: we sigh and are disgraced, they murder and no one talks. Akbar is a satirist, so a political reading is also open.",D,ham: we/I; aah: sigh of grief/longing; bhī: even/also; badnām: infamous/disgraced; vo: they/he/she (the beloved/the powerful); qatl: murder/killing; charchā: public talk/rumor/mention,"Even if we sigh, we become infamous,
Even if they murder, there is no talk of it.","If I but sigh, I am branded with shame,
Yet they may kill, and no one speaks their name.","- The couplet relies on a sharp contrast between the 'minimal' act of the lover (a sigh) and the 'maximal' act of the beloved (murder).
- The word 'aah' (sigh) is a stock symbol in the ghazal for the lover's silent suffering, but here it is paradoxically treated as a scandalous act.
- The term 'qatl' (murder) carries a double meaning: it refers to the literal killing of the lover, but also the metaphorical 'slaughter' of the heart by the beloved's indifference.
- The contrast between 'badnām' (infamy) and 'charchā' (public mention) highlights the hypocrisy of social morality where the victim is judged and the oppressor is ignored.","The rhythmic symmetry of the Urdu meter (beher) and the specific cultural weight of 'badnām', which implies a total loss of social standing in a communal society.",,,,,
b26,akbar-allahabadi,"ہم آہ بھی کرتے ہیں تو ہو جاتے ہیں بدنام
وہ قتل بھی کرتے ہیں تو چرچا نہیں ہوتا","ham aah bhī karte haiñ to ho jaate haiñ badnām
vo qatl bhī karte haiñ to charchā nahīñ hotā","Double standard: we sigh and are disgraced, they murder and no one talks. Akbar is a satirist, so a political reading is also open.",E,"ham: I/we (the lover); aah bhī karte haiñ: even (if) I/we sigh; to: then; ho jaate haiñ badnām: become disgraced, ill-famed; vo: that one, the beloved/he/she; qatl bhī karte haiñ: even (if) commits murder; to: then; charchā nahīñ hotā: no talk/gossip/scandal arises","If I even sigh, I become disgraced.
If she even commits murder, no talk arises.","A sigh from me, and I am disgraced;
she commits murder, and not a whisper rises.","- The whole couplet turns on the parallel use of 'bhī' in both lines: even the lover's smallest act, a sigh, brings disgrace, while even the beloved's greatest act, murder, brings no public censure.
- 'aah' is a stock ghazal symbol: the lover's involuntary sigh of pain or longing, sometimes also understood as a curse. I translated it simply as 'sigh' to keep the intimate register.
- 'qatl' here is metaphorical murder: the beloved kills the lover through beauty, indifference, or cruelty, not literal bloodshed.
- 'badnām' and 'charchā' are both terms of public reputation, but they are not synonyms. 'badnām' means disgraced or ill-famed; 'charchā' means talk, mention, or gossip. The beloved's killing does not even become a topic of conversation.
- The pronouns 'ham' and 'vo' are ambiguous. 'ham' can be singular or plural, and 'vo' can be he, she, or they; in the ghazal tradition 'vo' usually points to the beloved or even the Divine. I used 'I' and 'she' to follow the conventional English ghazal idiom.
- This couplet does not contain the poet's pen name, so no takhallus appears here.","English cannot fully carry the exact parallelism of 'bhī...to' in both lines, the gender ambiguity of 'vo', the multiple resonances of 'aah' and 'qatl' within Sufi and erotic registers, or the precise social contrast between being 'badnām' and not even being the subject of 'charchā'.",,,,,
b26,akbar-allahabadi,"ہم آہ بھی کرتے ہیں تو ہو جاتے ہیں بدنام
وہ قتل بھی کرتے ہیں تو چرچا نہیں ہوتا","ham aah bhī karte haiñ to ho jaate haiñ badnām
vo qatl bhī karte haiñ to charchā nahīñ hotā","Double standard: we sigh and are disgraced, they murder and no one talks. Akbar is a satirist, so a political reading is also open.",F,We are also blamed when we cry out; they kill but gain no fame,We too are blamed for crying; they kill but get no fame,"Our tears bring shame, their deeds remain unknown",- The poet compares the response to his own suffering with that of those who inflict violence,,,,,,
b26,akbar-allahabadi,"ہم آہ بھی کرتے ہیں تو ہو جاتے ہیں بدنام
وہ قتل بھی کرتے ہیں تو چرچا نہیں ہوتا","ham aah bhī karte haiñ to ho jaate haiñ badnām
vo qatl bhī karte haiñ to charchā nahīñ hotā","Double standard: we sigh and are disgraced, they murder and no one talks. Akbar is a satirist, so a political reading is also open.",G,We too wail; we become infamous. They kill; they get no fame.,"We also moan, but we become famous.
They kill, but there is no talk about it.","We wail and become infamous,
but those who kill are never known by name.","- The 'we' in the first line refers to a lover who laments the unattainable beloved. In the second couplet, the 'they' refers to the lover's rival. The wordplay is that 'killing' is a metaphor for winning the beloved; and 'fame' is a metaphor for the lover's reputation in the eyes of his beloved.",,,,,,
b26,akbar-allahabadi,"ہم آہ بھی کرتے ہیں تو ہو جاتے ہیں بدنام
وہ قتل بھی کرتے ہیں تو چرچا نہیں ہوتا","ham aah bhī karte haiñ to ho jaate haiñ badnām
vo qatl bhī karte haiñ to charchā nahīñ hotā","Double standard: we sigh and are disgraced, they murder and no one talks. Akbar is a satirist, so a political reading is also open.",H,"ham (we); aah (a sigh of grief/pain); badnām (infamous/disgraced); vo (they/he, referring to the beloved or the powerful); qatl (murder/killing); charchā (talk/rumor/fame/discussion)","Even when we merely sigh, we become infamous;
Even when they commit murder, there is no talk of it.","Even a mere sigh of ours brings us disgrace;
Even their murders leave not a single trace.","- The couplet relies on a sharp juxtaposition between 'aah' (a sigh, a minor expression of sorrow) and 'qatl' (murder, a capital crime) to highlight social injustice.
- The wordplay centers on the disparity of social consequence: the speaker's smallest vulnerability leads to 'badnām' (loss of reputation/infamy), while the beloved's/ruler's greatest crime results in no 'charchā' (public discourse or scandal).
- While the 'beloved' (vo) is a standard ghazal trope, Akbar Allahabadi is a master of satire; here, 'they' likely refers to the ruling class or the hypocritical elite, transforming a romantic lament into a biting social critique.
- The contrast between being 'branded' by a sigh and 'silenced' by a murder underscores the theme of impunity versus persecution.","The English cannot fully capture the specific weight of 'badnām,' which implies a loss of social honor and standing in a communal society, nor the rhythmic, balanced cadence of the Urdu meter that makes the irony feel so inevitable.",,,,,
b27,akbar-allahabadi,"ہوں میں پروانہ مگر شمع تو ہو رات تو ہو
جان دینے کو ہوں موجود کوئی بات تو ہو","huuñ maiñ parvāna magar sham.a to ho raat to ho
jaan dene ko huuñ maujūd koī baat to ho","Moth and candle (parvāna/sham'a): I am the moth, but let there be a candle, let there be night; ready to give my life, if only there were a reason.",A,word-by-word meaning of the key words and phrases,"I am a flame, but the candle is the night; I am the one who gives life, but there is a matter of being present","I am a spark, yet the flame that burns is the dark of night; I am the one who lends life, yet there's a presence that's hard to define","- 'provanah' (پروانہ) means a spark or flame, but also implies a fleeting, ephemeral existence; 'sham'a (شمع) means a candle or flame, but also refers to the night or darkness; 'maujud' (موجود) means present, but also implies a sense of being or existence",The nuances of the poet's use of 'provanah' and 'sham'a' to convey the tension between the fleeting nature of life and the enduring presence of the divine.,,,,,
b27,akbar-allahabadi,"ہوں میں پروانہ مگر شمع تو ہو رات تو ہو
جان دینے کو ہوں موجود کوئی بات تو ہو","huuñ maiñ parvāna magar sham.a to ho raat to ho
jaan dene ko huuñ maujūd koī baat to ho","Moth and candle (parvāna/sham'a): I am the moth, but let there be a candle, let there be night; ready to give my life, if only there were a reason.",B,huuñ: let me be / I am; parvāna: moth (symbol of the seeker/lover); magar: but; sham.a: candle (symbol of the beloved/divine); raat: night; jaan dene ko: to give one's life / to sacrifice oneself; maujūd: present / existing; koī baat: some matter / some significance / a purpose.,"I am the moth, but let there be a candle, let there be a night
To give my life, let me be present, let there be some matter.","I am the moth; let there be a flame, let there be a night
To offer my life, let me be there, let there be a cause worth the fight.","- Parvāna/Sham.a: This is a classic Sufi and Urdu trope. The moth represents the seeker or the lover who seeks self-annihilation (fana) in the light of the beloved (the candle).
- Baat: This is the pivot of the couplet. In Urdu, 'baat' can mean a 'matter,' a 'thing,' or 'significance.' Akbar is using it to imply 'purpose' or 'substance.' He is playfully suggesting that a sacrifice is only meaningful if there is something substantial worth sacrificing for.
- Subjunctive Mood: The use of 'huuñ' (let me be/I am) creates a sense of longing or a conditional state, emphasizing the poet's readiness to act provided the conditions (the candle, the night, the purpose) are met.
- Akbar's Style: Known for his wit and satire, Akbar here blends traditional mystical imagery with a slightly modern, almost existential demand for 'meaning' (baat).","The specific rhythmic resonance of the 'to ho' repetition, which creates a haunting, insistent plea in Urdu that is difficult to replicate in English without sounding repetitive.",,,,,
b27,akbar-allahabadi,"ہوں میں پروانہ مگر شمع تو ہو رات تو ہو
جان دینے کو ہوں موجود کوئی بات تو ہو","huuñ maiñ parvāna magar sham.a to ho raat to ho
jaan dene ko huuñ maujūd koī baat to ho","Moth and candle (parvāna/sham'a): I am the moth, but let there be a candle, let there be night; ready to give my life, if only there were a reason.",C,I am a candle but night is my time. I am here to give life but what's in a name?,I am a candle but night is my time. I am here to give life but what's in a name?,"I am a candle, yet the night is mine; I am here to give life, and that's all fine","- The speaker is a lover who feels he has nothing left to give: his heart is burning with passion. 'Hoon main parvaneh' means both 'I am a candle' and 'I am a bird of passage', which refers to the lover's short-lived existence. 'Maujud koi baat' means 'what's in a name?' but also 'a matter of fact' or 'just a matter of time'. 'Hoon main parvaneh magar sham'a to ho raat to hoo' is a double entendre: the lover feels he has nothing left to give, yet his heart still burns with passion. 'Maujud koi baat to hoo' means both 'what's in a name?' and 'it will be over soon'. In other words, the lover knows that their affair must end but is determined to enjoy it while it lasts.",,,,,,
b27,akbar-allahabadi,"ہوں میں پروانہ مگر شمع تو ہو رات تو ہو
جان دینے کو ہوں موجود کوئی بات تو ہو","huuñ maiñ parvāna magar sham.a to ho raat to ho
jaan dene ko huuñ maujūd koī baat to ho","Moth and candle (parvāna/sham'a): I am the moth, but let there be a candle, let there be night; ready to give my life, if only there were a reason.",D,"I am a feather but not a flame; it is night. I exist for giving life, there must be something to give","I am a feather but not a lamp; it is night. I exist for giving life, there must be something to give","Though I'm a feather, not a flame, 'tis night. To grant life, I exist—there's something to impart","- The poet compares himself to a feather (light) and a lamp (bright). The contrast between the two images suggests that he is neither light nor bright. He also implies that his purpose in life is to give others life, but there must be something for him to give.",,,,,,
b27,akbar-allahabadi,"ہوں میں پروانہ مگر شمع تو ہو رات تو ہو
جان دینے کو ہوں موجود کوئی بات تو ہو","huuñ maiñ parvāna magar sham.a to ho raat to ho
jaan dene ko huuñ maujūd koī baat to ho","Moth and candle (parvāna/sham'a): I am the moth, but let there be a candle, let there be night; ready to give my life, if only there were a reason.",E,"parvāna = moth; sham.a = candle; raat = night; to ho = let there be / be there (conditional-imperative); jaan dene ko = to give one's life; maujūd = present, available; koī baat = some matter, some cause, some reason","I am a moth, but let there be a candle, let there be a night
To give my life I am present — let there be some matter","I am a moth — but let there be a candle, let there be night
I am here to die — let there be some cause","- Parvāna (moth) is a stock symbol in Urdu ghazal for the lover consumed by the beloved; here the poet identifies himself with it, reducing his entire self to an insect whose nature is self-immolation.
- Sham.a (candle) is the beloved / the flame of desire. The moth-candle pairing is one of the most enduring images in the tradition (going back to Persian poetry).
- Raat (night) is the necessary condition: the candle is lit at night, the moth is active at night. Night also carries connotations of darkness, secrecy, and the hour of longing.
- Jaan dene ko (to give one's life) operates on two levels simultaneously: for a moth it is literal (it dies in the flame), for the poet it is the ultimate act of self-sacrifice for a cause or a person.
- Koī baat (some matter / some cause) is the couplet's pivot and its quiet brilliance. The poet has made self-destruction his identity and is now asking for the bare minimum — any reason at all — to fulfill that nature. The casualness of 'baat' (a matter, a thing) against the gravity of 'jaan dena' (giving one's life) creates a dark, understated humour.
- The triple repetition of 'to ho' (let there be) functions as a litany or prayer — a desperate, almost liturgical demand. The poet is not requesting gently; he is insisting that the universe supply the conditions for his annihilation.
- Magar (but) in the first line creates the crucial pivot: 'I am a moth' is a statement of identity, but the 'but' shifts to the conditions required for that identity to be realised. Being a moth is not enough; the moth needs its candle and its night.","The incantatory, liturgical rhythm of the triple 'to ho' cannot be fully replicated in English without sounding forced. The Sufi undertone — the moth as the soul drawn irresistibly toward the divine flame, where 'giving one's life' becomes annihilation of the ego (fānā) — is only partially recoverable. The casual register of 'baat' against the weight of 'jaan' produces a specific kind of Urdu understatement (tāqat) that English 'cause' or 'reason' does not quite match; English tends to make the word either too formal or too flat. Finally, the dark comedy of a man who has so thoroughly identified with a moth that he now finds himself *waiting* for the conditions of his own death — and is mildly inconvenienced by their absence — is a tone that resists clean translation.",,,,,
b27,akbar-allahabadi,"ہوں میں پروانہ مگر شمع تو ہو رات تو ہو
جان دینے کو ہوں موجود کوئی بات تو ہو","huuñ maiñ parvāna magar sham.a to ho raat to ho
jaan dene ko huuñ maujūd koī baat to ho","Moth and candle (parvāna/sham'a): I am the moth, but let there be a candle, let there be night; ready to give my life, if only there were a reason.",F,huuñ maiñ (I am) parvāna (moth) magar (but) sham.a (candle) to ho (let there be) raat (night) to ho (let there be) / jaan dene ko (to give life) huuñ maujūd (I am present/available) koī baat (some reason/matter/cause) to ho (let there be),"I am a moth, but let there be a candle, let there be a night
I am present to give my life, let there be some reason","I am the moth, but let the candle burn, let the night descend
I stand ready to perish, if only there were a cause to defend","- The 'parvāna-sham.a' (moth-candle) motif is a foundational trope in Urdu/Persian poetry, symbolizing the lover's desire for 'fana' (annihilation) in the presence of the beloved or the Divine.
- Akbar Allahabadi is famous for his wit and satire; here he subverts the traditional tragic lover. Instead of lamenting the absence of the beloved, he adopts a mock-practical tone, suggesting he has the passion ready, but requires the proper 'logistics' (the candle, the night, and a valid reason).
- The repetition of 'to ho' (let there be / if there is) creates a conditional, almost bargaining tone, which is a hallmark of Akbar's playful style.
- The word 'baat' (matter/reason/cause) is the pivot of the second line. It implies that even a moth needs a justification or a 'matter' worth dying for, adding a layer of intellectualism to the romantic impulse.","The specific rhythmic meter (behr) of the Urdu verse is lost in translation. Additionally, the subtle, satirical 'wink' in Akbar's voice—the sense that he is poking fun at the very clichés he is using—is difficult to capture without sounding purely comedic or purely tragic.",,,,,
b27,akbar-allahabadi,"ہوں میں پروانہ مگر شمع تو ہو رات تو ہو
جان دینے کو ہوں موجود کوئی بات تو ہو","huuñ maiñ parvāna magar sham.a to ho raat to ho
jaan dene ko huuñ maujūd koī baat to ho","Moth and candle (parvāna/sham'a): I am the moth, but let there be a candle, let there be night; ready to give my life, if only there were a reason.",G,parvāna: moth (the archetypal lover); sham.a: candle (the beloved/divine light); raat: night; jaan dena: to sacrifice one's life; maujūd: present/ready; baat: reason/cause/matter/point.,"I am a moth, but there must be a candle and there must be night.
I am present to give my life, provided there is some reason.","I am the moth, but let there be a candle, let there be night;
I am ready to die, if there is a cause to make it right.","- The 'parvāna' (moth) and 'sham.a' (candle) are the most iconic symbols of the ghazal, representing the lover's desire for total annihilation (fana) in the presence of the Beloved.
- Akbar Allahabadi is famous for his wit and satire. Here, he subverts the trope of the 'blind, irrational lover.' Instead of unconditional surrender, he presents a conditional one.
- The word 'baat' is the pivot of the couplet. While it usually means 'talk' or 'matter,' here it implies a justification or a worthy cause. He is essentially saying: 'I'll play the part of the tragic lover, but only if the aesthetics are correct and the reason is valid.'","The rhythmic cadence (beher) and the specific irony of the 'conditional sacrifice.' In Urdu, the transition from the high-romantic imagery of the first line to the pragmatic, almost transactional demand for a 'baat' in the second line creates a sharp, humorous contrast that is softened in English.",,,,,
b27,akbar-allahabadi,"ہوں میں پروانہ مگر شمع تو ہو رات تو ہو
جان دینے کو ہوں موجود کوئی بات تو ہو","huuñ maiñ parvāna magar sham.a to ho raat to ho
jaan dene ko huuñ maujūd koī baat to ho","Moth and candle (parvāna/sham'a): I am the moth, but let there be a candle, let there be night; ready to give my life, if only there were a reason.",H,huuñ maiñ parvāna = I am a moth; magar = but; sham.a = candle/flame; to ho = there should be; raat = night; to ho = there should be; jaan dené ko = to give my life; huuñ maujūd = I am present/ready; koī baat = some matter/occasion/thing; to ho = there should be,"I am a moth, but there should be a candle, there should be a night
I am present to give my life — there should be some occasion","A moth I am — but let there be a flame, a night,
I stand ready to die — let there be some cause, some rite.","- Parvāna (moth) and sham.a (candle) are stock ghazal symbols: the moth circles the flame and immolates itself, representing the lover's willing self-destruction for the beloved.
- The repeated 'to ho' (there should be / let there be) creates a conditional, almost playful tone — the speaker is eager but insists on the proper setting or pretext.
- 'koī baat to ho' carries a double sense: 'some occasion/cause' and colloquially 'let there be something special/remarkable about it.' I rendered this as 'some cause, some rite' to keep both the occasion and the ceremonial weight.
- The couplet subverts the usual ghazal trope: instead of the moth being helplessly drawn to the flame, here the moth is ready and waiting, but the flame and night are missing — a witty, almost comic inversion.
- Akbar Allahabadi's signature irony is present: the lover's grand gesture of self-sacrifice is undercut by the mundane condition that the setting must first exist.","The colloquial punch of 'koī baat to ho' — which in everyday Urdu means 'there should be something to it' or 'it should be worth it' — is only partially captured by 'some cause, some rite.' The rhythmic insistence of the triple 'to ho' is also difficult to reproduce in English without sounding mechanical.",,,,,
b28,wali-mohammad-wali,"ہوا ظاہر خط روئے نگار آہستہ آہستہ
کہ جیوں گلشن میں آتی ہے بہار آہستہ آہستہ","huā zāhir ḳhat-e-rū-e-nigār āhista-āhista
ki jyuuñ gulshan meñ aatī hai bahār āhista-āhista","Early Deccani Urdu ('jyuuñ' = like). 'ḳhat' is the first down on the beloved's cheek, conventionally a youth's, and also means 'line/script'. Slowly, the way spring comes to a garden.",A,"huā zāhir = became visible/apparent; ḳhat = down/fuzz (on the face), line, letter, writing; rū-e-nigār = the beloved's face (rū = face, nigār = beloved/beautiful one); āhista-āhista = slowly, gradually; jyūñ = like, as; gulshan = garden, rose-garden; bahār = spring; aatī hai = comes","The down on the beloved's face became visible slowly, slowly—
Just as spring comes into the garden slowly, slowly.","The soft down upon the beloved's cheek appears by slow degrees—
As spring steals into the garden by slow degrees.","- ḳhat has a triple sense in the ghazal tradition: the fine down on a youth's face (a conventional sign of ripening beauty), a line or stroke of writing, and a letter/missive. The couplet plays on the beloved's face as a page on which the 'writing' of youthful beauty appears.
- The redoubled āhista-āhista (slowly, slowly) is a hallmark of Wali's style; it performs its own meaning by stretching time, and I kept it as 'by slow degrees' / 'slowly, slowly' to preserve the refrain effect.
- The simile ki jyūñ... makes the beloved's beauty a natural, seasonal process rather than a sudden event—spring arriving in a garden is a stock image for renewal, ripeness, and the beloved's perfection.
- nigār means both 'beloved' and 'picture/idol'—the face is figured as a painted image or an object of worship.
- gulshan (rose-garden) and bahār (spring) are Persianate stock symbols of paradise and the beloved's presence.","The threefold meaning of ḳhat (down/line/letter) cannot be compressed into one English word; 'down' loses the 'writing' and 'letter' senses that connect the face to a written page. The metrical echo of āhista-āhista, with its chiming internal rhyme and slow spondee-like weight, is flattened in English. The Persianate resonance of gulshan and bahār as garden-paradise imagery is attenuated.",,,,,
b28,wali-mohammad-wali,"ہوا ظاہر خط روئے نگار آہستہ آہستہ
کہ جیوں گلشن میں آتی ہے بہار آہستہ آہستہ","huā zāhir ḳhat-e-rū-e-nigār āhista-āhista
ki jyuuñ gulshan meñ aatī hai bahār āhista-āhista","Early Deccani Urdu ('jyuuñ' = like). 'ḳhat' is the first down on the beloved's cheek, conventionally a youth's, and also means 'line/script'. Slowly, the way spring comes to a garden.",B,"huā = has become; zāhir = apparent, visible, manifest; ḳhat = line, stroke, trace, mark; rū-e-nigār = on the face of the beloved (rū = face, nigār = the beloved, 'the one who gazes'); āhista-āhista = slowly, gradually, gently (repeated as refrain); ki = that, as; jyuuñ = as, like, the way; gulshan = garden, rose-garden; aatī hai = comes (feminine, agreeing with bahār); bahār = spring","A line has become visible on the face of the beloved, slowly, slowly,
as spring comes into the garden, slowly, slowly.","A trace of smile has shown on the beloved's face, slowly, slowly —
the way spring comes to the garden, slowly, slowly.","- ḳhat (line/stroke/trace) is the key ambiguous word: it can mean a physical line or crease on the face, a stroke of expression, or a written mark. In context it most naturally reads as the lines of a smile appearing on the beloved's face, but the word's association with calligraphy and writing keeps a faint ghost of 'a message written on the face' — the beloved's expression as a text to be read. I chose 'trace of smile' to privilege the most likely reading while keeping some softness.
- rū-e-nigār is a Persian compound: rū (face) + nigār (the beloved, literally 'the one who looks/gazes'). The beloved is defined by the act of looking, which adds a layer: the face that gazes is itself being gazed upon and read.
- The simile (ki jyuuñ) equates the beloved's smile with spring arriving in the garden — a stock ghazal image where the garden is the beloved's face or the poet's heart, and spring is grace, hope, or the return of the beloved's favour.
- āhista-āhista functions as the refrain (radif) of the couplet, appearing at the end of both lines. Its repetition creates a hushing, patient rhythm that enacts the very slowness it names. I kept 'slowly, slowly' at the end of both English lines to preserve this structural echo.
- The feminine verb aatī (she comes) agrees with bahār (spring, feminine in Urdu), giving spring an almost personified, feminine agency — spring as a visitor who arrives with intention.
- Sufi reading: the beloved's face showing a trace of grace = the divine presence gradually manifesting; the garden = the heart; spring = spiritual awakening or divine mercy arriving with patient slowness.","The hushing, sibilant sound of āhista-āhista (the 'h' and 's' sounds create an almost whispered quality in Urdu that English 'slowly' cannot replicate); the exact semantic range of ḳhat (line/stroke/trace/writing/calligraphic mark) is narrowed to 'trace' in English; the Persian-Urdu elegance of the compound rū-e-nigār; the meter and prosodic rhythm of the original; the feminine gender agreement that personifies spring as a female visitor.",,,,,
b28,wali-mohammad-wali,"ہوا ظاہر خط روئے نگار آہستہ آہستہ
کہ جیوں گلشن میں آتی ہے بہار آہستہ آہستہ","huā zāhir ḳhat-e-rū-e-nigār āhista-āhista
ki jyuuñ gulshan meñ aatī hai bahār āhista-āhista","Early Deccani Urdu ('jyuuñ' = like). 'ḳhat' is the first down on the beloved's cheek, conventionally a youth's, and also means 'line/script'. Slowly, the way spring comes to a garden.",C,wind gently reveals the secret message of the painter (the poet) slowly,"as the wind gently blows, revealing the hidden message of the painter, so too does spring arrive slowly in the garden. Slowly and gently, like the wind blowing through a flower garden, the season of love arrives. The poet's words are revealed gradually, as if by the gentle breeze of spring. The beauty of this moment is reflected in the delicate language used to describe it.","The wind reveals the secret message of the painter slowly; like spring entering a garden, so too does love arrive gently.",- The poet compares his words to a painting and their revelation to the arrival of spring. The gentle breeze is compared to the slow progress of time.,"In this translation, we have lost the original Persian vocabulary and cultural references that may be present in the Urdu text.",,,,,
b28,wali-mohammad-wali,"ہوا ظاہر خط روئے نگار آہستہ آہستہ
کہ جیوں گلشن میں آتی ہے بہار آہستہ آہستہ","huā zāhir ḳhat-e-rū-e-nigār āhista-āhista
ki jyuuñ gulshan meñ aatī hai bahār āhista-āhista","Early Deccani Urdu ('jyuuñ' = like). 'ḳhat' is the first down on the beloved's cheek, conventionally a youth's, and also means 'line/script'. Slowly, the way spring comes to a garden.",D,"The breeze whispers to the lover's eyes slowly, as if saying that spring comes slowly into the garden.",The visible part of the eye is spoken to by the wind softly. / As if it were telling that spring arrives softly in the gardens.,"The breeze whispers to the lover's eyes, / As if saying that spring comes slowly to the gardens.","- The 'visible part' refers to the iris of the eye; the lover is a metaphor for the poet. The 'wind' is a common Sufi symbol for God's breath or word. 'Slowly' is used three times, as in the original poem, to echo the wordplay and create a sense of movement.",,,,,,
b28,wali-mohammad-wali,"ہوا ظاہر خط روئے نگار آہستہ آہستہ
کہ جیوں گلشن میں آتی ہے بہار آہستہ آہستہ","huā zāhir ḳhat-e-rū-e-nigār āhista-āhista
ki jyuuñ gulshan meñ aatī hai bahār āhista-āhista","Early Deccani Urdu ('jyuuñ' = like). 'ḳhat' is the first down on the beloved's cheek, conventionally a youth's, and also means 'line/script'. Slowly, the way spring comes to a garden.",E,"huā (became), zāhir (manifest/visible), ḳhat-e-rū-e-nigār (the contour/line of the beloved's face), āhista-āhista (slowly/gradually), ki jyuuñ (just as/in the manner that), gulshan (garden), bahār (spring)","The contour of the beloved's face became manifest, slowly, slowly,
Just as spring comes to the garden, slowly, slowly.","The beloved's features emerged, slowly, slowly,
Just as spring to the garden comes, slowly, slowly.","- Khat-e-ru-e-nigar: A complex Persianized construction. 'Khat' (line/trace) refers to the delicate outline or features of the 'ru' (face) of the 'nigar' (beloved). It suggests a gradual sharpening of the lover's vision.
- Zahir: Means 'manifest' or 'apparent.' In Sufi metaphysics, this refers to the outward manifestation of Divine beauty, contrasting with 'Batin' (the hidden).
- Bahār and Gulshan: A quintessential ghazal trope where the arrival of the beloved is equated to the arrival of spring, and the lover's heart or state of being is the garden.
- Repetition: The repetition of 'āhista-āhista' serves both a rhythmic and thematic purpose, emphasizing the patience and the subtle, incremental nature of both romantic realization and spiritual awakening.",The specific musicality of the Urdu meter (behr) and the melodic 'izafat' (the linking 'e' sounds) that weave the Persian vocabulary into a seamless flow. The word 'khat' also carries a nuance of a 'stroke' or 'trace' that is difficult to capture without sounding clinical in English.,,,,,
b28,wali-mohammad-wali,"ہوا ظاہر خط روئے نگار آہستہ آہستہ
کہ جیوں گلشن میں آتی ہے بہار آہستہ آہستہ","huā zāhir ḳhat-e-rū-e-nigār āhista-āhista
ki jyuuñ gulshan meñ aatī hai bahār āhista-āhista","Early Deccani Urdu ('jyuuñ' = like). 'ḳhat' is the first down on the beloved's cheek, conventionally a youth's, and also means 'line/script'. Slowly, the way spring comes to a garden.",F,huā: became / manifested; zāhir: apparent / visible; ḳhat-e-rū: facial lines / features / expression; nigār: the beloved / beautiful one; āhista-āhista: slowly / gradually; jyuuñ: just as / like; gulshan: garden; bahār: spring / springtime,"The facial lines of the beloved became manifest slowly,
Just as spring arrives in the garden slowly.","The beloved's features dawned upon the face, slow and steady,
Just as spring awakens the garden, slow and steady.","- Khāt-e-rū: A sophisticated compound where 'khāt' (line/writing) suggests the face is a script to be read. It refers to the subtle contours of the beloved's face or the expressions of longing.
- Nigār: A standard trope for the beloved, which in Sufi poetry often serves as a double entendre for the Divine Beauty.
- Bahār: A classic symbol for spiritual awakening or the 'spring' of the heart's realization.
- Āhista-āhista: The repetition emphasizes the process of 'tajalli' (divine manifestation), which in Sufi metaphysics is often described as a gradual unfolding of spiritual truth.
- The comparison between the physical manifestation of the beloved's beauty and the natural arrival of spring creates a bridge between the aesthetic and the spiritual.",The specific rhythmic resonance of the Urdu repetition 'āhista-āhista' and the nuanced aesthetic of 'khāt-e-rū' (the face as a text) are difficult to fully capture in English.,,,,,
b28,wali-mohammad-wali,"ہوا ظاہر خط روئے نگار آہستہ آہستہ
کہ جیوں گلشن میں آتی ہے بہار آہستہ آہستہ","huā zāhir ḳhat-e-rū-e-nigār āhista-āhista
ki jyuuñ gulshan meñ aatī hai bahār āhista-āhista","Early Deccani Urdu ('jyuuñ' = like). 'ḳhat' is the first down on the beloved's cheek, conventionally a youth's, and also means 'line/script'. Slowly, the way spring comes to a garden.",G,word-by-word meaning of the key words and phrases,"The wind is an evident sign of the painter's brush, slowly. That as spring arrives slowly in the garden.","The breeze is a manifest stroke of the painter's hand, unfolding. Just as spring gradually blooms in the garden.","- The word 'nigār' means both 'painter' and 'painting', creating a Sufi double meaning.
- The phrase 'khat-e-rū-e' is a Persian idiom meaning 'evident sign' or 'manifest stroke'.
- The word 'gulshan' is a Persian loanword meaning 'garden', but also implies a paradise or a realm of beauty.
- The word 'bahār' means both 'spring' and 'bloom', and is a common symbol in Urdu poetry for spiritual growth and renewal.","The musicality and rhythm of the original Urdu couplet, which relies heavily on the repetition of the phrase 'āhista-āhista' (slowly) to create a sense of gradual unfolding.",,,,,
b28,wali-mohammad-wali,"ہوا ظاہر خط روئے نگار آہستہ آہستہ
کہ جیوں گلشن میں آتی ہے بہار آہستہ آہستہ","huā zāhir ḳhat-e-rū-e-nigār āhista-āhista
ki jyuuñ gulshan meñ aatī hai bahār āhista-āhista","Early Deccani Urdu ('jyuuñ' = like). 'ḳhat' is the first down on the beloved's cheek, conventionally a youth's, and also means 'line/script'. Slowly, the way spring comes to a garden.",H,huā zāhir: became manifest/revealed; ḳhat: lines/contours/calligraphy; rū-e-nigār: face of the beloved; āhista-āhista: slowly/gradually; ki jyuuñ: just as; gulshan: garden; bahār: spring,"The lines of the beloved's face became apparent slowly,
Just as spring comes to the garden slowly.","Slowly, the contours of the beloved's face were revealed,
As slowly, spring's arrival in the garden is unsealed.","- The word 'khat' (خط) is a crucial pun; it means 'line' or 'contour' in the context of a face, but also 'script' or 'calligraphy.' The poet treats the beloved's face as a divine manuscript being read or a painting being unveiled.
- The 'nigār' (beloved) literally means 'painter' or 'picture,' which complements the 'khat' (lines) imagery, framing the beloved's beauty as a work of art.
- The comparison to 'bahār' (spring) is a classic Urdu trope where the blooming of flowers is equated to the unfolding of beauty or the lifting of a veil.
- The repetition of 'āhista-āhista' serves as the radif (refrain), emphasizing the agonizing yet exquisite slowness of the revelation.","The rhythmic weight of the 'radif' (the repeating phrase 'āhista-āhista') creates a sonic mimicry of slowness that is difficult to replicate in English without sounding redundant. Additionally, the specific cultural connotation of 'khat' as both a physical feature and a written letter is lost.",,,,,
b29,altaf-hussain-hali,"بری اور بھلی سب گزر جائے گی
یہ کشتی یوں ہی پار اتر جائے گی","burī aur bhalī sab guzar jā.egī
ye kashtī yūñhī paar utar jā.egī",Plain consolation: good and bad will all pass; this boat will cross somehow. Tests whether simple Urdu stays simple in English.,A,"burī (bad/evil), aur (and), bhalī (good/virtuous), sab (all), guzar jā.egī (will pass away), ye (this), kashtī (boat/vessel), yūñhī (just so/simply/effortlessly), paar utar jā.egī (will cross over/reach the shore)","Bad and good, all will pass away
This boat will just cross over like this","Both the bitter and the sweet shall pass away,
And so, this boat will reach the distant shore.","- The pairing 'burī aur bhalī' (bad and good) is a common trope used to encompass the totality of human experience, representing the duality of hardship and prosperity.
- The 'kashtī' (boat) is a classic Sufi and classical metaphor for the human life or the soul navigating the turbulent waters of the material world.
- 'Paar utarna' (to cross over) is a double entendre: it refers literally to a boat reaching land, but metaphorically to surviving life's trials or achieving spiritual salvation/peace.
- The adverb 'yūñhī' is subtle; it implies that despite the fluctuations of fate, the journey will proceed inevitably and perhaps even effortlessly if one maintains composure.
- Hali was a reformist poet; the simplicity of this verse reflects his move away from complex Persianate ornamentation toward a more direct, didactic style intended to provide moral comfort.","The specific rhythmic meter (behr) and the proverbial, almost nursery-rhyme-like simplicity that makes the Urdu version feel like an effortless truth. The word 'bhalī' also carries a nuance of 'virtue' that 'sweet' or 'good' only partially captures.",,,,,
b29,altaf-hussain-hali,"بری اور بھلی سب گزر جائے گی
یہ کشتی یوں ہی پار اتر جائے گی","burī aur bhalī sab guzar jā.egī
ye kashtī yūñhī paar utar jā.egī",Plain consolation: good and bad will all pass; this boat will cross somehow. Tests whether simple Urdu stays simple in English.,B,"burī aur bhalī = bad and good (feminine adjectives used as nouns: bad/good things, times, waves, conditions); sab = all; guzar jā.egī = will pass, will pass away; ye kashtī = this boat; yūñhī = just so, of itself, without special effort, somehow; paar utar jā.egī = will cross over, will reach the far side.","Bad and good, all will pass away.
This boat, just like that, will cross over to the other side.","Bad and good, all shall pass away;
this boat, somehow, will reach the farther shore.","- The boat (kashtī) and the far shore (paar) are inherited ghazal/Sufi symbols: the vulnerable human self afloat on the river of existence, and the farther shore as the hereafter, safety, or union with the Divine.
- yūñhī carries an idiomatic tone of 'just like that, without contrivance, of its own accord.' I render it as 'somehow' to preserve the sense of resigned hope rather than active effort.
- The first line uses feminine adjectives (burī/bhalī) without an explicit noun, suggesting bad and good times, events, waves, or conditions. English must leave this as abstract 'bad and good.'
- Both verbs are compounds with jānā (guzar jānā, utar jānā), implying eventual completion or passing; English future tense is slightly flatter.
- There is no strong internal pun, but the overall effect relies on symbolic crossing rather than wordplay.","The English cannot carry over the compact idiomatic force of yūñhī, the feminine adjective-as-noun ambiguity (bad/good waves, days, conditions), and the full Sufi resonance of kashtī and paar as stock symbols.",,,,,
b29,altaf-hussain-hali,"بری اور بھلی سب گزر جائے گی
یہ کشتی یوں ہی پار اتر جائے گی","burī aur bhalī sab guzar jā.egī
ye kashtī yūñhī paar utar jā.egī",Plain consolation: good and bad will all pass; this boat will cross somehow. Tests whether simple Urdu stays simple in English.,C,"burī (bad/evil/bitter), bhalī (good/pleasant/sweet), sab (all), guzar jā.egī (will pass/elapse), kashtī (boat/vessel), yūñhī (just so/in this manner/eventually), paar utar jā.egī (will cross over/reach the other shore)","The bad and the good, all will pass,
This boat will cross over just like this.","The bitter and the sweet shall both pass by,
And this vessel shall find its way to the far shore.","- The 'kashtī' (boat) is a quintessential symbol in Urdu poetry representing the human soul or the individual's life navigating the turbulent 'ocean' of worldly existence.
- The phrase 'paar utarna' (to cross over) is an idiom for surviving a crisis or reaching a final destination, often carrying a Sufi connotation of returning to the Divine or achieving salvation after the trials of life.
- The juxtaposition of 'burī' and 'bhalī' reflects the duality of human experience, suggesting a stoic acceptance of fate (Taqdeer).","The effortless, conversational simplicity of the Urdu phrasing, which blends a folk-like quality with deep philosophical resignation, is difficult to replicate without either sounding too colloquial or too formal in English.",,,,,
b29,altaf-hussain-hali,"بری اور بھلی سب گزر جائے گی
یہ کشتی یوں ہی پار اتر جائے گی","burī aur bhalī sab guzar jā.egī
ye kashtī yūñhī paar utar jā.egī",Plain consolation: good and bad will all pass; this boat will cross somehow. Tests whether simple Urdu stays simple in English.,D,All good and bad will pass away; this boat will cross and arrive,Good and bad both will pass. This boat will just cross over.,"All that's good and all that's bad
Will pass, the journey goes on.
This boat will cross and arrive,
No matter how long it takes to go on.","- The 'good' and 'bad' are a stock phrase from the ghazal tradition. Hali uses it here as a metaphor for all kinds of experiences that come and go in life, which is why he says they will pass away. 'This boat' refers to the human journey through life, which must cross over (par) to arrive at its destination (utar). The wordplay on the two meanings of 'par' is intentional: it means both 'cross over' and 'arrive'. Hali's use of the present tense in the first line reflects his Sufi belief that all experiences are part of a continuous journey, which is why he uses the future tense for the boat arriving at its destination. The wordplay on 'yūn' (just) and 'yūn' (thus), as well as the use of the present tense, make it clear that Hali is not making any promises about how long this journey will take; it's just going to keep going on.",,,,,,
b29,altaf-hussain-hali,"بری اور بھلی سب گزر جائے گی
یہ کشتی یوں ہی پار اتر جائے گی","burī aur bhalī sab guzar jā.egī
ye kashtī yūñhī paar utar jā.egī",Plain consolation: good and bad will all pass; this boat will cross somehow. Tests whether simple Urdu stays simple in English.,E,burī: bad/evil; bhalī: good/kind; sab: all/everything; guzar jā.egī: will pass/will be over; ye: this; kashtī: boat (metaphor for life/soul); yūñhī: just like this/in this manner; pār utar jā.egī: will cross over/will reach the other shore.,"The bad and the good, all will pass.
This boat will cross over just like this.","The bitter and the sweet shall both fade away,
This vessel shall reach the shore, just as it is.","- Kashtī (Boat): A classic Persianate and Sufi symbol for the human soul or the journey of life navigating the 'ocean' of worldly existence (Dunya).
- Paar utar jā.egī (Crossing over): Refers to the ultimate destination—the 'other shore'—which in Sufi poetry often signifies the afterlife or the attainment of spiritual truth.
- Burī aur bhalī: Represents the duality of human experience (suffering and joy, sin and virtue). The poet suggests that both are transient and equal in their eventual disappearance.
- Yūñhī: This word carries a sense of fatalism or resignation. It implies that the journey is inevitable and the boat does not need to be 'fixed' or 'changed' to reach its destination; it is moving toward its conclusion by its own nature.","The specific rhythmic resonance of the Urdu 'guzar jā.egī' and 'paar utar jā.egī' (the radif) which creates a sense of inevitable, flowing movement that is difficult to replicate in English.",,,,,
b29,altaf-hussain-hali,"بری اور بھلی سب گزر جائے گی
یہ کشتی یوں ہی پار اتر جائے گی","burī aur bhalī sab guzar jā.egī
ye kashtī yūñhī paar utar jā.egī",Plain consolation: good and bad will all pass; this boat will cross somehow. Tests whether simple Urdu stays simple in English.,F,"All will pass, good and bad. The boat will cross just like that.",Both good and bad will pass away. This boat will cross in this way.,Good and bad will come and go. The journey of life goes on.,"- The Urdu phrase 'بری اور بھلی سب گزر جائے گی' means that both good and bad times will pass, suggesting the impermanence of life's experiences. The English translation maintains this meaning by using 'good and bad.' In the second line, the idiom 'یہ کشتی یوں ہی پار اتر جائے گی' refers to the journey of life as a boat crossing an obstacle. The English translation retains this imagery with 'The boat will cross just like that.' Both translations emphasize the continuity and unpredictability of life's experiences.
- lost",,,,,,
b29,altaf-hussain-hali,"بری اور بھلی سب گزر جائے گی
یہ کشتی یوں ہی پار اتر جائے گی","burī aur bhalī sab guzar jā.egī
ye kashtī yūñhī paar utar jā.egī",Plain consolation: good and bad will all pass; this boat will cross somehow. Tests whether simple Urdu stays simple in English.,G,"burī: bad, bhalī: good, guzar jā.egī: will pass, kashtī: boat, paar utar jā.egī: will cross",All bad and good things will pass. This boat will cross in the same way.,"All trials and triumphs will fade. This life will journey on, unchanged.","- The phrase 'burī aur bhalī' is a common Urdu idiom for 'all things', emphasizing the transience of worldly concerns. 'Kashtī' is a boat, but also a metaphor for life's journey. The 'par' (shore) is the goal or destination, but the poet suggests that the journey itself is the true destination, and that the outcome is not what matters.","The nuances of the original's rhythm and meter, the musicality of the Urdu language, and the specific connotations of the Persian vocabulary used in the ghazal tradition.",,,,,
b29,altaf-hussain-hali,"بری اور بھلی سب گزر جائے گی
یہ کشتی یوں ہی پار اتر جائے گی","burī aur bhalī sab guzar jā.egī
ye kashtī yūñhī paar utar jā.egī",Plain consolation: good and bad will all pass; this boat will cross somehow. Tests whether simple Urdu stays simple in English.,H,"بری (burī) = bad, evil; بھلی (bhalī) = good, virtuous; سب (sab) = all; گزر جائے گی (guzar jā.egī) = will pass away; کشتی (kashtī) = boat, ship; یوں ہی (yūñhī) = just as it is, in this very manner; پار (paar) = the far shore, the other side; اتر جائے گی (utar jā.egī) = will disembark, will land","All the bad and the good will pass away
This boat, just as it is, will land on the far shore","All the ill and all the good shall pass
This boat, as it is, shall reach the shore","- بری اور بھلی (bad and good) is a stock pairing denoting the totality of worldly experience — every pleasure and every pain, every moral state. It functions as a universal quantifier over life's contents.
- کشتی (boat) is a persistent symbol in Urdu and Sufi poetry for the self or soul navigating the river of time or the world. The 'far shore' (پار) is the destination — death, the afterlife, or spiritual release.
- یوں ہی (just as it is / in this very manner) is the philosophical pivot of the couplet. It introduces a quiet fatalism: the boat will arrive in its present condition, unaltered, without special merit or demerit. This carries both comfort (no one is spared, no one is singled out) and a subtle melancholy (nothing about the journey changes the outcome).
- The verb pair گزر جائے گی / اتر جائے گی creates a chiasmus of motion: things pass, the boat arrives. The world moves away; the self moves toward its end. The two lines are in tension — one is about disappearance, the other about arrival.
- Hali, a reformist poet of the 19th century, often used such imagery to meditate on the futility of worldly striving and the inevitability of death, lending the couplet a philosophical rather than purely mystical register.","The ghazal's musical cadence and the softness of the long 'ā' vowels in گزر جائے گی / اتر جائے گی, which create a lulling, wave-like rhythm mimicking a boat on water. The specific cultural resonance of کشتی as a soul-metaphor, deeply embedded in Persian-Urdu poetic tradition, is only partially recoverable in English. The subtle double register — simultaneously a statement about the transience of worldly affairs and a meditation on the soul's passage to death — is flattened in any single English rendering. The phrase یوں ہی also carries a colloquial lightness, a shrug of the shoulders, that formal English poetry struggles to replicate without sounding either too casual or too heavy.",,,,,
b30,meer-taqi-meer,"آئے ہیں میرؔ کافر ہو کر خدا کے گھر میں
پیشانی پر ہے قشقہ زنار ہے کمر میں","aa.e haiñ 'mīr' kāfir ho kar ḳhudā ke ghar meñ
peshānī par hai qashqa zunnār hai kamar meñ",Mir comes to the house of God (mosque/Kaaba) as an infidel: forehead mark and sacred thread ('zunnār'). Love's transgression as a trope. Needs cultural annotation.,A,Come to God's house as an infidel. On your forehead is a turban; in your belt is a sword,"Come here, 'Mir', as an infidel into God's house / On your forehead there is a turban and on your waist a sword belt",Invite me to the Lord's abode as a heathen. A turban adorns my brow; a scimitar girds my loins,"- kāfir: infidel, non-Muslim; qashqā: turban; zunnār: sword belt",,,,,,
b30,meer-taqi-meer,"آئے ہیں میرؔ کافر ہو کر خدا کے گھر میں
پیشانی پر ہے قشقہ زنار ہے کمر میں","aa.e haiñ 'mīr' kāfir ho kar ḳhudā ke ghar meñ
peshānī par hai qashqa zunnār hai kamar meñ",Mir comes to the house of God (mosque/Kaaba) as an infidel: forehead mark and sacred thread ('zunnār'). Love's transgression as a trope. Needs cultural annotation.,B,We have become kafirs in God's own home; we wear a dagger on our foreheads and a belt around our waists.,"I have become a kafir in the house of God; I have a dagger on my forehead, a girdle on my hips.","In the very heart of faith I am an unbeliever
A dagger on my brow and a sash around my middle","- kafir means 'unbeliever' or 'infidel', but it is also the name of Meer Taqi's father, so it may be a pun. 'God's own home' is a metaphor for the heart; the dagger on his brow and the sash around his middle are symbols of bravery, which he has turned against himself.",,,,,,
b30,meer-taqi-meer,"آئے ہیں میرؔ کافر ہو کر خدا کے گھر میں
پیشانی پر ہے قشقہ زنار ہے کمر میں","aa.e haiñ 'mīr' kāfir ho kar ḳhudā ke ghar meñ
peshānī par hai qashqa zunnār hai kamar meñ",Mir comes to the house of God (mosque/Kaaba) as an infidel: forehead mark and sacred thread ('zunnār'). Love's transgression as a trope. Needs cultural annotation.,C,"aaye hain (come), kāfir (infidel), ho kar (becoming), qhuda (God), ghar (house), peshānī (forehead), qashqā (a type of rug), zunnār (a type of belt or sash), kamar (waist)","Come, I have become an infidel to God's house. On my forehead is a rug, and on my waist is a sash.","I've come to God's house, a renegade, and on my brow, a prayer mat lies. At my waist, a sash is wrapped.","- The wordplay here is on the phrase 'qashqā zunnār', which sounds like 'qashqā' (a type of rug) but is actually 'zunnār' (a type of belt or sash). This is a common technique in Urdu ghazals, where the poet uses homophones to create multiple meanings. In this case, the poet is saying that even in a sacred space, he is still bound by worldly attachments, symbolized by the sash at his waist.","The nuances of the original Urdu, such as the sound and rhythm of the words, the cultural associations of the symbols, and the poet's personal voice, are lost in translation.",,,,,
b30,meer-taqi-meer,"آئے ہیں میرؔ کافر ہو کر خدا کے گھر میں
پیشانی پر ہے قشقہ زنار ہے کمر میں","aa.e haiñ 'mīr' kāfir ho kar ḳhudā ke ghar meñ
peshānī par hai qashqa zunnār hai kamar meñ",Mir comes to the house of God (mosque/Kaaba) as an infidel: forehead mark and sacred thread ('zunnār'). Love's transgression as a trope. Needs cultural annotation.,D,aa.e haiñ: have come; kāfir: infidel/non-believer; ḳhudā ke ghar: house of God; peshānī: forehead; qashqa: a distinctive cap worn by non-Muslims; zunnār: a sacred thread/belt worn by Zoroastrians or Hindus; kamar: waist,"Meer has come to the house of God having become an infidel,
On the forehead is the cap, and the sacred thread is around the waist.","As a heretic, Meer has entered the House of God,
With a pagan's cap on his brow and a sacred thread at his waist.","- The term 'kāfir' (infidel) in Sufi poetry often denotes the 'lover' who has abandoned the outward rituals of religion (Shariat) in pursuit of the internal truth of Love (Ishq).
- The 'qashqa' and 'zunnār' are visual markers of non-Islamic identity. By claiming to wear them, the poet signals his total alienation from the orthodox community.
- The central paradox is the 'lover's audacity': entering the most sacred space (the house of God) while wearing the very symbols that would traditionally bar him from entry, suggesting that Love is the only true passport to the Divine.","The specific historical and cultural weight of 'zunnār' as a symbol of the 'Other' in the Mughal-era Indian subcontinent, and the rhythmic cadence (beher) that underscores the irony of the poet's confession.",,,,,
b30,meer-taqi-meer,"آئے ہیں میرؔ کافر ہو کر خدا کے گھر میں
پیشانی پر ہے قشقہ زنار ہے کمر میں","aa.e haiñ 'mīr' kāfir ho kar ḳhudā ke ghar meñ
peshānī par hai qashqa zunnār hai kamar meñ",Mir comes to the house of God (mosque/Kaaba) as an infidel: forehead mark and sacred thread ('zunnār'). Love's transgression as a trope. Needs cultural annotation.,E,"aa.e haiñ = have come | mīr = Meer (pen name, marked with tashkeel) | kāfir ho kar = having become an infidel / as an infidel | ḳhudā ke ghar meñ = in God's house | peshānī par = on the forehead | qashqa = a cap or headgear associated with non-Muslims (Zoroastrian) | zunnār = a priestly girdle, a marker of Zoroastrian/infidel identity | kamar meñ = around the waist","I, Meer, have come to God's house having become an infidel;
on my forehead is a qashqa, around my waist is a zunnar.","Meer has come to God's house, an infidel—
a qashqa crowns my brow, a zunnar girds my waist.","- Central Sufi paradox: the true lover of God, having transcended religious formalism, appears to the outward eye as an infidel (kafir) yet stands in the most sacred space—God's house. The devotee who has gone beyond the letter of the law is mistaken for its violator.
- Qashqa (قشقہ): a type of cap or headgear associated with non-Muslims, likely Zoroastrian. It marks the head—the seat of thought and belief—as 'other.'
- Zunnar (زنار): a girdle or belt specifically associated with Zoroastrian priests (magi). In Islamic discourse it is a stock symbol of infidelity. Together with the qashqa, the two markers dress the poet's body head-to-waist in the regalia of 'unbelief.'
- The pen name mīr (میرؔ) appears in the first line with the tashkeel (ؔ) marking it as a proper noun. This is an unusual placement—takhallus typically appears in the maqta' (closing couplet)—suggesting either the matla' or a deliberate self-referential declaration: the poet names himself as the infidel who has entered God's house.
- The couplet works as a visual tableau: the reader sees a figure in the markers of a rival faith standing inside the mosque, creating an immediate tension between appearance and spiritual reality.","The specific cultural charge of qashqa and zunnar as instantly recognizable markers of Zoroastrian 'otherness' to a South Asian reader; the metrical rhythm and the musical interplay of the long and short syllables in the original; the double resonance of kāfir as both a technical theological term and a colloquial slur; and the full-body visual symmetry (head + waist) that in Urdu creates a complete image of a person 'dressed' in infidelity, which English prose equivalents flatten.",,,,,
b30,meer-taqi-meer,"آئے ہیں میرؔ کافر ہو کر خدا کے گھر میں
پیشانی پر ہے قشقہ زنار ہے کمر میں","aa.e haiñ 'mīr' kāfir ho kar ḳhudā ke ghar meñ
peshānī par hai qashqa zunnār hai kamar meñ",Mir comes to the house of God (mosque/Kaaba) as an infidel: forehead mark and sacred thread ('zunnār'). Love's transgression as a trope. Needs cultural annotation.,F,aa.e haiñ: have come; mīr: Meer (the poet's pen name); kāfir: infidel/unbeliever; ḳhudā ke ghar: God's house (mosque/shrine); peshānī: forehead; qashqa: a cap/hat; zunnār: sacred thread (worn by non-Muslims); kamar: waist,"Meer has come, having become an infidel, into God's house;
On his forehead is a cap, and on his waist is a sacred thread.","As an infidel, Meer has entered the House of God;
A cap upon his brow, a sacred thread about his waist.","- Kafir (Infidel): In the Sufi tradition, the 'kafir' is often a metaphor for the lover who is so intoxicated by Divine Love that they disregard all formal religious laws and social conventions.
- Zunnar (Sacred Thread): This is a powerful symbol of religious 'otherness.' By wearing the zunnar, the poet is not just a sinner, but someone who visibly embodies a different religious identity, creating a profound paradox by entering the 'House of God'.
- The Paradox: The verse relies on the visual and spiritual tension between the sacred setting (the mosque/shrine) and the 'profane' or heterodox attire of the poet.
- Takhallus: The use of 'Meer' in the first line is the poet's signature, where he adopts this persona of the defiant, unashamed outsider.
- Qashqa: This refers to a specific type of headgear; in this context, it serves to complete the visual image of a man dressed in a way that marks him as an outsider to the orthodox community.","The specific religious 'scandal' and weight of the word 'zunnar' in a classical Islamic context is difficult to convey; to an Urdu listener, it is a jarring, provocative image of religious transgression. The rhythmic meter (beher) and the internal musicality of the Urdu are also lost.",,,,,
b30,meer-taqi-meer,"آئے ہیں میرؔ کافر ہو کر خدا کے گھر میں
پیشانی پر ہے قشقہ زنار ہے کمر میں","aa.e haiñ 'mīr' kāfir ho kar ḳhudā ke ghar meñ
peshānī par hai qashqa zunnār hai kamar meñ",Mir comes to the house of God (mosque/Kaaba) as an infidel: forehead mark and sacred thread ('zunnār'). Love's transgression as a trope. Needs cultural annotation.,G,"aa.e haiñ — have come; mīr — Meer (poet's pen name); kāfir ho kar — having become an infidel/unbeliever; ḳhudā ke ghar meñ — in God's house (mosque/Kaaba/sanctuary); peshānī — forehead; qashqa — sectarian/forehead mark, often associated with Hindu or antinomian identity; zunnār — cord/sacred thread worn by non-Muslims, symbol of infidelity or love in ghazal; kamar — waist.","Meer has come, having become an infidel, into God's house.
On his forehead is a qashqa; a zunnar is around his waist.","Meer has come as a kafir into the house of God—
a qashqa on his forehead, a zunnar round his waist.","- The pen name 'Meer' is embedded as the subject of the first line, a signature typical of ghazal even when not in the final couplet.
- kāfir ho kar is deliberately paradoxical: he enters God's house not as a Muslim but bearing the marks of a religious outsider; in Sufi/antinomian poetry this can be a proud badge of the lover whom orthodoxy rejects.
- qashqa and zunnār are paired symbols of non-Muslim identity—forehead mark and waist cord/thread—and by extension of love's 'heresy' or devotion beyond outward law.
- The Persianate/Urdu ghazal often uses qashqa and zunnār as the uniform of the qalandar or antinomian lover, making the religious transgression a form of spiritual sincerity.
- I kept qashqa and zunnār in the poetic translation because English equivalents such as 'tilak' or 'sacred thread' narrow or shift the cultural resonance.","The rhyme and sonic compactness of ghar/kamar with meñ, the specifically Indian/Persian sectarian connotations of qashqa and zunnār, and the double-edged word kāfir as both orthodox accusation and Sufi self-identification cannot be fully carried into English.",,,,,
b30,meer-taqi-meer,"آئے ہیں میرؔ کافر ہو کر خدا کے گھر میں
پیشانی پر ہے قشقہ زنار ہے کمر میں","aa.e haiñ 'mīr' kāfir ho kar ḳhudā ke ghar meñ
peshānī par hai qashqa zunnār hai kamar meñ",Mir comes to the house of God (mosque/Kaaba) as an infidel: forehead mark and sacred thread ('zunnār'). Love's transgression as a trope. Needs cultural annotation.,H,aa.e haiñ: have come; mīr: the poet's pen name; kāfir: infidel/disbeliever/rebel; ḳhudā ke ghar: house of God (mosque/temple/divine presence); peshānī: forehead; qashqa: a turban or headband; zunnār: a sacred belt or girdle worn by ascetics/pious men; kamar: waist.,"Meer has come as an infidel into the house of God,
On the forehead is a turban, a belt is around the waist.","Meer enters the House of God, a rebel in his soul,
With a turban on his brow and a sacred belt around his waist.","- The paradox of the 'Kāfir' (infidel) entering the 'House of God' is a classic Sufi trope. It suggests that while the poet's outward appearance conforms to religious law (the turban and belt), his inner state is one of rebellion or 'disbelief'—often interpreted as the ego (nafs) being cast out or the lover's soul being 'lost' in a way that defies conventional piety.
- Qashqa and Zunnār are specific symbols of religious devotion and asceticism. By pairing these with the label of 'kāfir,' Meer highlights the tension between outward ritual (the body) and inward spiritual reality (the soul).
- The 'House of God' can be read literally as a mosque, but in the context of Meer's ghazals, it frequently symbolizes the heart or the sanctuary of the Divine Presence.
- The use of the pen name 'Meer' in the first line serves as a self-reflexive device, where the poet observes himself as a character in his own spiritual drama.","The specific cultural and religious weight of the 'zunnār' as a symbol of ascetic discipline is difficult to convey in English without sounding overly technical. Additionally, the rhythmic symmetry of 'qashqa' and 'zunnār'—two heavy, traditional Persianate terms—creates a specific sonic texture of 'weighted' piety that is lost in translation.",,,,,
